Débits Moyens Journaliers ( m3/s ) Station Beni-Bahdel. Code 160402) Test 30%;
Débits Moyens Journaliers ( m3/s ) Station Beni-Bahdel. Code 160402) Test 30%;
Date;Q
01/09/72;9.93
02/09/72;5.01
03/09/72;0.415
04/09/72;0.369
05/09/72;0.322
06/09/72;0.299
07/09/72;0.299
08/09/72;0.276
09/09/72;0.229
10/09/72;9.39
11/09/72;1.74
12/09/72;0.736
13/09/72;0.701
14/09/72;0.667
15/09/72;0.667
16/09/72;0.667
17/09/72;0.667
18/09/72;0.667
19/09/72;0.633
20/09/72;0.633
21/09/72;0.701
22/09/72;0.667
23/09/72;0.667
24/09/72;0.701
25/09/72;0.667
26/09/72;0.667
27/09/72;0.138
28/09/72;0.138
29/09/72;0.138
30/09/72;0.115
01/10/72;0.138
02/10/72;0.115
03/10/72;0.115
04/10/72;0.138
05/10/72;0.162
06/10/72;0.162
07/10/72;0.162
08/10/72;0.162
09/10/72;0.162
10/10/72;0.162
11/10/72;0.162
12/10/72;0.162
13/10/72;0.162
14/10/72;0.162
15/10/72;0.162
16/10/72;0.162
17/10/72;0.162
18/10/72;0.185
19/10/72;0.185
20/10/72;0.185
21/10/72;0.232
22/10/72;0.232
23/10/72;0.232
24/10/72;0.232
25/10/72;0.26
26/10/72;0.489
27/10/72;0.27
28/10/72;0.27
29/10/72;0.27
30/10/72;0.232
31/10/72;0.27
01/11/72;0.232
02/11/72;0.232
03/11/72;0.232
04/11/72;0.232
05/11/72;0.27
06/11/72;0.27
07/11/72;0.232
08/11/72;0.232
09/11/72;0.27
10/11/72;0.27
11/11/72;0.27
12/11/72;0.232
13/11/72;0.27
14/11/72;0.27
15/11/72;0.27
16/11/72;0.27
17/11/72;0.345
18/11/72;0.27
19/11/72;0.27
20/11/72;0.27
21/11/72;0.27
22/11/72;0.27
23/11/72;0.27
24/11/72;0.27
25/11/72;0.27
26/11/72;0.232
27/11/72;0.232
28/11/72;0.232
29/11/72;0.232
30/11/72;0.232
01/12/72;0.939
02/12/72;3.76
03/12/72;21.4
04/12/72;1.68
05/12/72;0.904
06/12/72;0.61
07/12/72;0.497
08/12/72;0.464
09/12/72;0.308
10/12/72;0.345
11/12/72;0.308
12/12/72;0.27
13/12/72;0.27
14/12/72;0.27
15/12/72;0.27
16/12/72;0.27
17/12/72;0.27
18/12/72;0.232
19/12/72;0.209
20/12/72;0.209
21/12/72;0.33
22/12/72;1.39
23/12/72;0.308
24/12/72;0.27
25/12/72;4.68
26/12/72;2.12
27/12/72;3.38
28/12/72;2.34
29/12/72;1.85
30/12/72;1.82
31/12/72;1.68
01/01/73;1.54
02/01/73;1.47
03/01/73;1.35
04/01/73;1.41
05/01/73;1.35
06/01/73;1.35
07/01/73;1.32
08/01/73;1.32
09/01/73;1.32
10/01/73;1.53
11/01/73;1.35
12/01/73;1.35
13/01/73;1.35
14/01/73;1.32
15/01/73;1.5
16/01/73;2.04
17/01/73;2.79
18/01/73;3.47
19/01/73;3.87
20/01/73;5.13
21/01/73;3.98
22/01/73;2.94
23/01/73;2.32
24/01/73;1.99
25/01/73;1.99
26/01/73;6.31
27/01/73;8.34
28/01/73;6.47
29/01/73;9.56
30/01/73;5.72
31/01/73;5.55
01/02/73;4.2
02/02/73;3.89
03/02/73;3.89
04/02/73;4.2
05/02/73;4.04
06/02/73;3.58
07/02/73;3.17
08/02/73;2.91
09/02/73;2.49
10/02/73;2.21
11/02/73;2.07
12/02/73;1.93
13/02/73;1.73
14/02/73;1.6
15/02/73;1.47
16/02/73;1.41
17/02/73;1.27
18/02/73;1.34
19/02/73;1.16
20/02/73;1.11
21/02/73;1.06
22/02/73;1.01
23/02/73;1.01
24/02/73;0.955
25/02/73;1.06
26/02/73;1.01
27/02/73;0.955
28/02/73;0.904
01/03/73;0.904
02/03/73;0.853
03/03/73;0.802
04/03/73;0.751
05/03/73;0.7
06/03/73;0.7
07/03/73;0.664
08/03/73;0.628
09/03/73;0.628
10/03/73;0.592
11/03/73;0.592
12/03/73;0.592
13/03/73;0.592
14/03/73;0.664
15/03/73;0.628
16/03/73;0.664
17/03/73;0.7
18/03/73;0.664
19/03/73;0.743
20/03/73;0.979
21/03/73;1.06
22/03/73;0.853
23/03/73;0.751
24/03/73;0.751
25/03/73;0.751
26/03/73;0.746
27/03/73;1.7
28/03/73;1.05
29/03/73;0.853
30/03/73;0.845
31/03/73;2.53
01/04/73;1.11
02/04/73;1.16
03/04/73;1.11
04/04/73;1.06
05/04/73;1.01
06/04/73;1.01
07/04/73;0.955
08/04/73;0.904
09/04/73;0.853
10/04/73;0.904
11/04/73;0.751
12/04/73;0.7
13/04/73;0.664
14/04/73;0.628
15/04/73;0.592
16/04/73;0.592
17/04/73;0.556
18/04/73;0.592
19/04/73;0.628
20/04/73;0.628
21/04/73;0.628
22/04/73;0.592
23/04/73;0.556
24/04/73;0.592
25/04/73;0.592
26/04/73;0.592
27/04/73;0.556
28/04/73;0.52
29/04/73;0.52
30/04/73;1.93
01/05/73;7.88
02/05/73;10
03/05/73;1.68
04/05/73;0.865
05/05/73;0.952
06/05/73;30
07/05/73;2.23
08/05/73;0.9
09/05/73;0.8
10/05/73;0.652
11/05/73;0.652
12/05/73;0.604
13/05/73;0.557
14/05/73;0.509
15/05/73;0.461
16/05/73;0.461
17/05/73;0.413
18/05/73;0.366
19/05/73;0.366
20/05/73;0.461
21/05/73;0.366
22/05/73;0.366
23/05/73;0.366
24/05/73;0.318
25/05/73;0.318
26/05/73;0.27
27/05/73;0.27
28/05/73;0.27
29/05/73;0.318
30/05/73;0.27
31/05/73;0.318
01/06/73;0.318
02/06/73;0.318
03/06/73;0.366
04/06/73;0.318
05/06/73;3.11
06/06/73;2.37
07/06/73;1.59
08/06/73;0.939
09/06/73;0.367
10/06/73;0.224
11/06/73;0.224
12/06/73;0.224
13/06/73;0.224
14/06/73;0.224
15/06/73;0.224
16/06/73;0.224
17/06/73;0.224
18/06/73;0.224
19/06/73;0.224
20/06/73;0.224
21/06/73;0.224
22/06/73;0.295
23/06/73;0.224
24/06/73;0.224
25/06/73;0.224
26/06/73;0.224
27/06/73;0.153
28/06/73;0.153
29/06/73;0.153
30/06/73;0.153
01/07/73;0.153
02/07/73;0.153
03/07/73;0.153
04/07/73;0.153
05/07/73;0.153
06/07/73;0.153
07/07/73;0.153
08/07/73;0.224
09/07/73;0.224
10/07/73;0.224
11/07/73;0.224
12/07/73;0.224
13/07/73;0.224
14/07/73;0.224
15/07/73;0.224
16/07/73;0.224
17/07/73;0.224
18/07/73;0.224
19/07/73;0.224
20/07/73;0.224
21/07/73;0.224
22/07/73;0.367
23/07/73;0.367
24/07/73;0.295
25/07/73;0.295
26/07/73;0.295
27/07/73;0.295
28/07/73;0.295
29/07/73;0.295
30/07/73;0.367
31/07/73;0.295
01/08/73;0.581
02/08/73;0.295
03/08/73;0.295
04/08/73;0.295
05/08/73;0.224
06/08/73;0.224
07/08/73;0.224
08/08/73;0.295
09/08/73;0.295
10/08/73;0.295
11/08/73;0.295
12/08/73;0.295
13/08/73;0.367
14/08/73;0.367
15/08/73;0.367
16/08/73;0.367
17/08/73;0.367
18/08/73;0.295
19/08/73;0.295
20/08/73;0.295
21/08/73;0.295
22/08/73;0.295
23/08/73;0.295
24/08/73;0.295
25/08/73;0.295
26/08/73;0.295
27/08/73;0.295
28/08/73;0.295
29/08/73;0.295
30/08/73;0.295
31/08/73;0.295
01/09/73;0.295
02/09/73;0.295
03/09/73;0.295
04/09/73;0.778
05/09/73;0.91
06/09/73;0.472
07/09/73;0.432
08/09/73;0.432
09/09/73;0.392
10/09/73;0.392
11/09/73;0.352
12/09/73;0.312
13/09/73;0.352
14/09/73;0.392
15/09/73;0.352
16/09/73;0.352
17/09/73;0.392
18/09/73;0.352
19/09/73;0.312
20/09/73;0.312
21/09/73;0.352
22/09/73;0.312
23/09/73;0.312
24/09/73;0.312
25/09/73;0.312
26/09/73;0.312
27/09/73;0.352
28/09/73;0.352
29/09/73;0.352
30/09/73;0.352
01/10/73;0.392
02/10/73;0.392
03/10/73;0.392
04/10/73;0.392
05/10/73;0.392
06/10/73;0.352
07/10/73;0.352
08/10/73;0.392
09/10/73;0.352
10/10/73;0.352
11/10/73;0.352
12/10/73;0.352
13/10/73;0.352
14/10/73;0.352
15/10/73;0.352
16/10/73;0.352
17/10/73;0.352
18/10/73;0.352
19/10/73;0.392
20/10/73;0.392
21/10/73;0.392
22/10/73;0.392
23/10/73;0.392
24/10/73;0.392
25/10/73;0.392
26/10/73;0.392
27/10/73;0.392
28/10/73;0.392
29/10/73;0.392
30/10/73;0.621
31/10/73;0.512
01/11/73;0.432
02/11/73;0.432
03/11/73;0.432
04/11/73;0.432
05/11/73;0.432
06/11/73;0.472
07/11/73;0.432
08/11/73;0.432
09/11/73;0.432
10/11/73;0.432
11/11/73;0.432
12/11/73;0.472
13/11/73;0.472
14/11/73;0.472
15/11/73;0.512
16/11/73;0.472
17/11/73;0.472
18/11/73;0.472
19/11/73;0.552
20/11/73;0.512
21/11/73;0.512
22/11/73;0.512
23/11/73;0.512
24/11/73;0.512
25/11/73;0.512
26/11/73;0.512
27/11/73;0.512
28/11/73;0.512
29/11/73;0.552
30/11/73;0.596
01/12/73;0.71
02/12/73;0.592
03/12/73;0.512
04/12/73;0.512
05/12/73;0.472
06/12/73;0.472
07/12/73;0.472
08/12/73;0.472
09/12/73;0.512
10/12/73;0.512
11/12/73;0.512
12/12/73;0.512
13/12/73;0.512
14/12/73;0.551
15/12/73;0.943
16/12/73;1.34
17/12/73;1.12
18/12/73;1
19/12/73;0.945
20/12/73;0.768
21/12/73;0.651
22/12/73;0.651
23/12/73;0.592
24/12/73;0.552
25/12/73;0.552
26/12/73;0.552
27/12/73;0.552
28/12/73;0.552
29/12/73;0.512
30/12/73;0.512
31/12/73;0.512
01/01/74;0.512
02/01/74;0.472
03/01/74;0.472
04/01/74;0.472
05/01/74;0.472
06/01/74;0.472
07/01/74;0.472
08/01/74;0.472
09/01/74;0.432
10/01/74;0.432
11/01/74;0.432
12/01/74;0.392
13/01/74;0.392
14/01/74;0.392
15/01/74;0.392
16/01/74;0.392
17/01/74;0.392
18/01/74;0.352
19/01/74;0.232
20/01/74;0.232
21/01/74;0.232
22/01/74;0.272
23/01/74;0.312
24/01/74;0.232
25/01/74;0.232
26/01/74;0.232
27/01/74;0.272
28/01/74;0.272
29/01/74;0.272
30/01/74;0.272
31/01/74;0.272
01/02/74;0.272
02/02/74;0.272
03/02/74;0.272
04/02/74;0.272
05/02/74;0.312
06/02/74;0.312
07/02/74;0.272
08/02/74;0.232
09/02/74;0.232
10/02/74;0.232
11/02/74;0.232
12/02/74;0.232
13/02/74;0.232
14/02/74;0.232
15/02/74;0.192
16/02/74;0.192
17/02/74;0.192
18/02/74;0.472
19/02/74;0.392
20/02/74;0.392
21/02/74;0.392
22/02/74;0.312
23/02/74;0.272
24/02/74;0.232
25/02/74;0.232
26/02/74;0.272
27/02/74;0.352
28/02/74;0.392
01/03/74;0.392
02/03/74;0.392
03/03/74;0.352
04/03/74;1.65
05/03/74;1.01
06/03/74;0.495
07/03/74;0.2
08/03/74;0.318
09/03/74;0.2
10/03/74;0.2
11/03/74;0.2
12/03/74;0.259
13/03/74;0.2
14/03/74;0.2
15/03/74;0.2
16/03/74;0.2
17/03/74;0.2
18/03/74;0.2
19/03/74;0.2
20/03/74;0.2
21/03/74;0.2
22/03/74;0.2
23/03/74;0.2
24/03/74;0.17
25/03/74;0.111
26/03/74;0.111
27/03/74;0.111
28/03/74;0.111
29/03/74;0.111
30/03/74;0.111
31/03/74;0.111
01/04/74;0.111
02/04/74;0.111
03/04/74;0.111
04/04/74;0.111
05/04/74;0.096
06/04/74;0.096
07/04/74;0.185
08/04/74;0.141
09/04/74;0.126
10/04/74;0.126
11/04/74;0.126
12/04/74;0.082
13/04/74;0.082
14/04/74;0.096
15/04/74;0.126
16/04/74;0.111
17/04/74;0.096
18/04/74;0.111
19/04/74;0.126
20/04/74;0.082
21/04/74;0.096
22/04/74;0.111
23/04/74;0.082
24/04/74;0.082
25/04/74;0.082
26/04/74;0.082
27/04/74;0.082
28/04/74;0.067
29/04/74;0.067
30/04/74;0.044
01/05/74;0.067
02/05/74;0.044
03/05/74;0.044
04/05/74;0.044
05/05/74;0.044
06/05/74;0.044
07/05/74;0.044
08/05/74;0.044
09/05/74;0.044
10/05/74;0.037
11/05/74;0.037
12/05/74;0.052
13/05/74;0.044
14/05/74;0.052
15/05/74;0.044
16/05/74;0.044
17/05/74;0.044
18/05/74;0.029
19/05/74;0.037
20/05/74;0.029
21/05/74;0.037
22/05/74;0.067
23/05/74;0.052
24/05/74;0.052
25/05/74;0.044
26/05/74;0.052
27/05/74;0.044
28/05/74;0.044
29/05/74;0.044
30/05/74;0.044
31/05/74;0.037
01/06/74;0.037
02/06/74;0.044
03/06/74;0.044
04/06/74;0.052
05/06/74;0.052
06/06/74;0.044
07/06/74;0.037
08/06/74;0.037
09/06/74;0.044
10/06/74;0.044
11/06/74;0.044
12/06/74;0.044
13/06/74;0.037
14/06/74;0.037
15/06/74;0.037
16/06/74;0.037
17/06/74;0.037
18/06/74;0.037
19/06/74;0.037
20/06/74;0.037
21/06/74;0.044
22/06/74;0.044
23/06/74;0.021
24/06/74;0.029
25/06/74;0.029
26/06/74;0.029
27/06/74;0.037
28/06/74;0.037
29/06/74;0.029
30/06/74;0.037
01/07/74;0.037
02/07/74;0.052
03/07/74;0.037
04/07/74;0.037
05/07/74;0.029
06/07/74;0.029
07/07/74;0.029
08/07/74;0.029
09/07/74;0.029
10/07/74;0.029
11/07/74;0.75
12/07/74;0.462
13/07/74;2.54
14/07/74;3.48
15/07/74;0.568
16/07/74;0.128
17/07/74;4.42
18/07/74;0.438
19/07/74;0.01
20/07/74;0.014
21/07/74;0.048
22/07/74;1.46
23/07/74;0.101
24/07/74;0.045
25/07/74;0.119
26/07/74;0.043
27/07/74;0.045
28/07/74;0.082
29/07/74;0.082
30/07/74;0.082
31/07/74;0.082
01/08/74;0.119
02/08/74;0.996
03/08/74;0.124
04/08/74;0.419
05/08/74;3.74
06/08/74;2.63
07/08/74;53.4
08/08/74;1.21
09/08/74;0.622
10/08/74;0.506
11/08/74;0.275
12/08/74;0.092
13/08/74;0.092
14/08/74;0.153
15/08/74;0.153
16/08/74;0.393
17/08/74;0.506
18/08/74;0.388
19/08/74;1.84
20/08/74;0.429
21/08/74;0.352
22/08/74;0.275
23/08/74;0.214
24/08/74;0.194
25/08/74;0.153
26/08/74;0.174
27/08/74;0.133
28/08/74;0.133
29/08/74;0.133
30/08/74;0.133
31/08/74;0.153
01/09/74;0.153
02/09/74;0.153
03/09/74;0.153
04/09/74;0.153
05/09/74;0.153
06/09/74;0.153
07/09/74;0.153
08/09/74;0.153
09/09/74;0.153
10/09/74;0.133
11/09/74;0.153
12/09/74;0.153
13/09/74;0.547
14/09/74;0.234
15/09/74;0.194
16/09/74;0.214
17/09/74;0.391
18/09/74;0.214
19/09/74;0.194
20/09/74;0.194
21/09/74;0.174
22/09/74;0.194
23/09/74;0.174
24/09/74;0.194
25/09/74;0.174
26/09/74;0.174
27/09/74;0.194
28/09/74;0.214
29/09/74;0.194
30/09/74;0.194
01/10/74;0.194
02/10/74;0.194
03/10/74;0.367
04/10/74;0.194
05/10/74;0.214
06/10/74;0.255
07/10/74;0.234
08/10/74;0.234
09/10/74;0.234
10/10/74;0.234
11/10/74;0.234
12/10/74;0.234
13/10/74;1.92
14/10/74;0.429
15/10/74;0.314
16/10/74;0.314
17/10/74;1.32
18/10/74;0.897
19/10/74;0.391
20/10/74;0.352
21/10/74;0.352
22/10/74;0.352
23/10/74;0.352
24/10/74;0.352
25/10/74;0.352
26/10/74;0.352
27/10/74;3.49
28/10/74;0.702
29/10/74;0.583
30/10/74;0.506
31/10/74;0.468
01/11/74;0.468
02/11/74;0.468
03/11/74;1.37
04/11/74;0.622
05/11/74;0.583
06/11/74;0.506
07/11/74;0.506
08/11/74;0.506
09/11/74;0.429
10/11/74;0.391
11/11/74;0.391
12/11/74;0.391
13/11/74;0.545
14/11/74;0.391
15/11/74;0.391
16/11/74;0.352
17/11/74;0.352
18/11/74;0.352
19/11/74;0.352
20/11/74;0.352
21/11/74;0.352
22/11/74;0.352
23/11/74;0.391
24/11/74;0.352
25/11/74;0.352
26/11/74;0.352
27/11/74;0.352
28/11/74;0.352
29/11/74;0.352
30/11/74;0.352
01/12/74;0.234
02/12/74;0.214
03/12/74;0.234
04/12/74;0.234
05/12/74;0.234
06/12/74;0.234
07/12/74;0.234
08/12/74;0.234
09/12/74;0.234
10/12/74;0.234
11/12/74;0.234
12/12/74;0.234
13/12/74;0.234
14/12/74;0.234
15/12/74;0.255
16/12/74;0.314
17/12/74;0.352
18/12/74;0.314
19/12/74;0.314
20/12/74;0.314
21/12/74;0.352
22/12/74;0.352
23/12/74;0.352
24/12/74;0.352
25/12/74;0.612
26/12/74;0.545
27/12/74;0.468
28/12/74;0.391
29/12/74;0.847
30/12/74;0.786
31/12/74;0.828
01/01/75;0.786
02/01/75;0.744
03/01/75;0.66
04/01/75;0.622
05/01/75;0.583
06/01/75;0.583
07/01/75;0.545
08/01/75;0.506
09/01/75;0.429
10/01/75;0.391
11/01/75;0.391
12/01/75;0.352
13/01/75;0.352
14/01/75;0.314
15/01/75;0.314
16/01/75;0.314
17/01/75;0.314
18/01/75;0.314
19/01/75;0.314
20/01/75;0.314
21/01/75;0.314
22/01/75;0.314
23/01/75;0.314
24/01/75;0.314
25/01/75;0.255
26/01/75;0.255
27/01/75;0.133
28/01/75;0.133
29/01/75;0.153
30/01/75;0.133
31/01/75;0.153
01/02/75;0.174
02/02/75;0.214
03/02/75;0.214
04/02/75;0.194
05/02/75;0.174
06/02/75;0.174
07/02/75;0.133
08/02/75;0.133
09/02/75;0.133
10/02/75;0.133
11/02/75;0.133
12/02/75;0.133
13/02/75;0.153
14/02/75;0.133
15/02/75;0.133
16/02/75;0.133
17/02/75;0.133
18/02/75;0.174
19/02/75;0.153
20/02/75;0.174
21/02/75;0.153
22/02/75;0.153
23/02/75;0.153
24/02/75;0.153
25/02/75;0.153
26/02/75;0.153
27/02/75;0.153
28/02/75;0.174
01/03/75;0.174
02/03/75;0.174
03/03/75;0.194
04/03/75;0.194
05/03/75;0.194
06/03/75;0.194
07/03/75;0.194
08/03/75;0.194
09/03/75;0.174
10/03/75;0.174
11/03/75;0.174
12/03/75;0.174
13/03/75;0.174
14/03/75;0.174
15/03/75;0.174
16/03/75;0.174
17/03/75;0.174
18/03/75;0.174
19/03/75;0.174
20/03/75;0.174
21/03/75;0.174
22/03/75;0.174
23/03/75;0.174
24/03/75;0.234
25/03/75;0.336
26/03/75;0.391
27/03/75;0.314
28/03/75;0.255
29/03/75;0.214
30/03/75;0.174
31/03/75;0.313
01/04/75;1.08
02/04/75;0.583
03/04/75;0.275
04/04/75;0.255
05/04/75;0.194
06/04/75;0.174
07/04/75;0.174
08/04/75;0.174
09/04/75;0.174
10/04/75;0.174
11/04/75;0.174
12/04/75;0.174
13/04/75;0.174
14/04/75;0.174
15/04/75;0.174
16/04/75;0.174
17/04/75;0.174
18/04/75;0.153
19/04/75;0.153
20/04/75;0.153
21/04/75;0.153
22/04/75;0.153
23/04/75;0.153
24/04/75;0.153
25/04/75;0.113
26/04/75;0.133
27/04/75;0.133
28/04/75;0.113
29/04/75;0.113
30/04/75;0.113
01/05/75;0.092
02/05/75;0.072
03/05/75;0.092
04/05/75;0.092
05/05/75;0.092
06/05/75;1.11
07/05/75;0.85
08/05/75;0.275
09/05/75;0.188
10/05/75;0.159
11/05/75;0.159
12/05/75;0.13
13/05/75;0.13
14/05/75;0.122
15/05/75;0.122
16/05/75;0.122
17/05/75;0.122
18/05/75;0.13
19/05/75;0.13
20/05/75;0.159
21/05/75;0.122
22/05/75;0.159
23/05/75;0.159
24/05/75;0.159
25/05/75;0.159
26/05/75;0.159
27/05/75;0.13
28/05/75;0.122
29/05/75;0.122
30/05/75;0.13
31/05/75;0.122
01/06/75;0.114
02/06/75;0.106
03/06/75;0.114
04/06/75;0.114
05/06/75;0.114
06/06/75;0.122
07/06/75;0.122
08/06/75;0.122
09/06/75;0.122
10/06/75;0.122
11/06/75;0.122
12/06/75;0.114
13/06/75;0.114
14/06/75;0.114
15/06/75;0.114
16/06/75;0.114
17/06/75;0.114
18/06/75;0.114
19/06/75;0.114
20/06/75;0.106
21/06/75;0.106
22/06/75;0.106
23/06/75;0.106
24/06/75;0.106
25/06/75;0.106
26/06/75;0.106
27/06/75;0.106
28/06/75;0.106
29/06/75;0.106
30/06/75;0.106
01/07/75;0.106
02/07/75;0.114
03/07/75;0.114
04/07/75;0.122
05/07/75;0.114
06/07/75;0.114
07/07/75;0.114
08/07/75;1.82
09/07/75;0.292
10/07/75;0.265
11/07/75;0.184
12/07/75;0.13
13/07/75;0.122
14/07/75;0.122
15/07/75;0.122
16/07/75;0.122
17/07/75;0.296
18/07/75;0.184
19/07/75;0.13
20/07/75;0.122
21/07/75;0.122
22/07/75;0.114
23/07/75;0.122
24/07/75;0.114
25/07/75;0.122
26/07/75;0.122
27/07/75;0.122
28/07/75;0.106
29/07/75;0.114
30/07/75;0.114
31/07/75;0.106
01/08/75;0.114
02/08/75;0.114
03/08/75;0.114
04/08/75;0.114
05/08/75;0.114
06/08/75;0.122
07/08/75;0.114
08/08/75;0.122
09/08/75;0.114
10/08/75;0.13
11/08/75;0.204
12/08/75;3.87
13/08/75;0.248
14/08/75;0.221
15/08/75;0.167
16/08/75;0.139
17/08/75;0.139
18/08/75;0.139
19/08/75;0.194
20/08/75;0.112
21/08/75;0.112
22/08/75;0.085
23/08/75;0.085
24/08/75;0.085
25/08/75;0.112
26/08/75;0.112
27/08/75;0.112
28/08/75;0.085
29/08/75;0.112
30/08/75;0.112
31/08/75;0.139
01/09/75;0.167
02/09/75;0.112
03/09/75;0.139
04/09/75;0.112
05/09/75;0.139
06/09/75;0.112
07/09/75;0.112
08/09/75;0.085
09/09/75;0.139
10/09/75;0.139
11/09/75;0.167
12/09/75;0.139
13/09/75;0.139
14/09/75;0.112
15/09/75;0.112
16/09/75;0.112
17/09/75;0.112
18/09/75;0.112
19/09/75;0.112
20/09/75;0.085
21/09/75;0.085
22/09/75;0.085
23/09/75;0.167
24/09/75;0.112
25/09/75;0.167
26/09/75;0.167
27/09/75;0.167
28/09/75;0.167
29/09/75;0.167
30/09/75;0.194
01/10/75;0.167
02/10/75;0.167
03/10/75;0.167
04/10/75;0.167
05/10/75;0.167
06/10/75;0.167
07/10/75;0.167
08/10/75;0.194
09/10/75;0.194
10/10/75;0.194
11/10/75;0.194
12/10/75;0.167
13/10/75;0.167
14/10/75;0.167
15/10/75;0.275
16/10/75;0.248
17/10/75;0.248
18/10/75;0.221
19/10/75;0.221
20/10/75;0.221
21/10/75;0.167
22/10/75;0.303
23/10/75;0.303
24/10/75;0.303
25/10/75;0.275
26/10/75;0.275
27/10/75;0.275
28/10/75;0.275
29/10/75;0.303
30/10/75;0.303
31/10/75;0.303
01/11/75;0.275
02/11/75;0.275
03/11/75;0.275
04/11/75;0.275
05/11/75;0.303
06/11/75;0.275
07/11/75;0.275
08/11/75;0.303
09/11/75;0.248
10/11/75;0.275
11/11/75;0.275
12/11/75;0.275
13/11/75;0.275
14/11/75;0.275
15/11/75;0.275
16/11/75;0.275
17/11/75;0.275
18/11/75;0.275
19/11/75;0.275
20/11/75;0.275
21/11/75;0.275
22/11/75;0.303
23/11/75;0.411
24/11/75;0.384
25/11/75;0.357
26/11/75;0.33
27/11/75;0.303
28/11/75;0.275
29/11/75;0.275
30/11/75;0.248
01/12/75;0.248
02/12/75;0.248
03/12/75;0.248
04/12/75;0.275
05/12/75;0.275
06/12/75;0.439
07/12/75;0.411
08/12/75;0.384
09/12/75;0.439
10/12/75;0.547
11/12/75;0.547
12/12/75;0.52
13/12/75;0.493
14/12/75;0.493
15/12/75;0.466
16/12/75;0.493
17/12/75;0.547
18/12/75;0.547
19/12/75;0.493
20/12/75;0.466
21/12/75;0.439
22/12/75;0.411
23/12/75;0.466
24/12/75;0.411
25/12/75;0.411
26/12/75;0.384
27/12/75;0.384
28/12/75;0.384
29/12/75;0.384
30/12/75;0.33
31/12/75;0.33
01/01/76;0.33
02/01/76;0.33
03/01/76;0.33
04/01/76;0.411
05/01/76;0.411
06/01/76;0.411
07/01/76;0.411
08/01/76;0.411
09/01/76;0.411
10/01/76;0.411
11/01/76;0.411
12/01/76;0.384
13/01/76;0.384
14/01/76;0.384
15/01/76;0.384
16/01/76;0.384
17/01/76;0.384
18/01/76;0.384
19/01/76;0.384
20/01/76;1.47
21/01/76;2.2
22/01/76;1.56
23/01/76;1.02
24/01/76;0.981
25/01/76;0.864
26/01/76;0.825
27/01/76;0.785
28/01/76;0.707
29/01/76;0.668
30/01/76;0.629
31/01/76;0.629
01/02/76;0.547
02/02/76;0.52
03/02/76;0.493
04/02/76;0.52
05/02/76;5.63
06/02/76;5.43
07/02/76;3.1
08/02/76;1.64
09/02/76;1.2
10/02/76;1.04
11/02/76;0.875
12/02/76;0.8
13/02/76;0.763
14/02/76;0.725
15/02/76;0.763
16/02/76;2.84
17/02/76;0.875
18/02/76;0.984
19/02/76;0.875
20/02/76;0.763
21/02/76;0.725
22/02/76;0.65
23/02/76;0.65
24/02/76;0.538
25/02/76;0.5
26/02/76;0.437
27/02/76;0.395
28/02/76;0.374
29/02/76;0.332
01/03/76;0.311
02/03/76;0.311
03/03/76;0.311
04/03/76;0.311
05/03/76;0.311
06/03/76;0.311
07/03/76;0.311
08/03/76;0.311
09/03/76;0.311
10/03/76;0.311
11/03/76;0.274
12/03/76;0.274
13/03/76;0.257
14/03/76;0.257
15/03/76;0.257
16/03/76;0.257
17/03/76;0.257
18/03/76;0.241
19/03/76;0.241
20/03/76;0.241
21/03/76;0.241
22/03/76;0.241
23/03/76;0.257
24/03/76;0.257
25/03/76;0.257
26/03/76;0.241
27/03/76;0.241
28/03/76;0.241
29/03/76;0.241
30/03/76;0.241
31/03/76;0.241
01/04/76;0.241
02/04/76;0.241
03/04/76;0.241
04/04/76;0.241
05/04/76;0.241
06/04/76;0.241
07/04/76;0.241
08/04/76;0.224
09/04/76;0.224
10/04/76;0.224
11/04/76;0.241
12/04/76;0.208
13/04/76;0.208
14/04/76;0.208
15/04/76;0.208
16/04/76;0.224
17/04/76;0.208
18/04/76;0.175
19/04/76;0.191
20/04/76;0.175
21/04/76;0.191
22/04/76;0.191
23/04/76;0.191
24/04/76;0.191
25/04/76;0.191
26/04/76;0.175
27/04/76;0.191
28/04/76;0.191
29/04/76;0.191
30/04/76;0.191
01/05/76;0.175
02/05/76;0.191
03/05/76;0.191
04/05/76;0.191
05/05/76;0.191
06/05/76;0.191
07/05/76;0.175
08/05/76;0.191
09/05/76;0.175
10/05/76;0.175
11/05/76;0.175
12/05/76;0.175
13/05/76;0.175
14/05/76;0.175
15/05/76;0.175
16/05/76;0.175
17/05/76;0.175
18/05/76;0.175
19/05/76;0.175
20/05/76;0.175
21/05/76;0.175
22/05/76;0.175
23/05/76;0.175
24/05/76;0.158
25/05/76;0.158
26/05/76;0.158
27/05/76;0.158
28/05/76;0.158
29/05/76;0.158
30/05/76;0.158
31/05/76;0.158
01/06/76;0.158
02/06/76;0.142
03/06/76;0.142
04/06/76;0.142
05/06/76;0.142
06/06/76;0.142
07/06/76;0.142
08/06/76;0.142
09/06/76;0.142
10/06/76;0.142
11/06/76;0.142
12/06/76;0.142
13/06/76;0.142
14/06/76;0.142
15/06/76;0.125
16/06/76;0.125
17/06/76;0.125
18/06/76;0.125
19/06/76;0.125
20/06/76;0.115
21/06/76;0.115
22/06/76;0.175
23/06/76;0.224
24/06/76;0.208
25/06/76;0.208
26/06/76;0.208
27/06/76;0.224
28/06/76;0.224
29/06/76;0.208
30/06/76;0.175
01/07/76;0.208
02/07/76;0.175
03/07/76;0.175
04/07/76;0.224
05/07/76;0.191
06/07/76;0.191
07/07/76;0.175
08/07/76;0.175
09/07/76;0.191
10/07/76;0.175
11/07/76;0.175
12/07/76;0.175
13/07/76;0.175
14/07/76;0.175
15/07/76;0.175
16/07/76;0.175
17/07/76;0.158
18/07/76;0.175
19/07/76;0.191
20/07/76;0.175
21/07/76;0.191
22/07/76;0.175
23/07/76;0.191
24/07/76;0.175
25/07/76;0.208
26/07/76;0.241
27/07/76;0.241
28/07/76;0.208
29/07/76;0.224
30/07/76;0.224
31/07/76;0.241
01/08/76;0.208
02/08/76;0.208
03/08/76;0.208
04/08/76;0.422
05/08/76;0.332
06/08/76;0.224
07/08/76;0.208
08/08/76;0.241
09/08/76;0.224
10/08/76;0.208
11/08/76;0.208
12/08/76;0.241
13/08/76;0.241
14/08/76;0.241
15/08/76;0.208
16/08/76;0.208
17/08/76;31.2
18/08/76;0.56
19/08/76;0.44
20/08/76;0.4
21/08/76;0.4
22/08/76;0.4
23/08/76;0.349
24/08/76;0.332
25/08/76;0.315
26/08/76;0.332
27/08/76;0.315
28/08/76;0.332
29/08/76;0.332
30/08/76;0.332
31/08/76;0.332
01/09/76;0.332
02/09/76;0.332
03/09/76;0.332
04/09/76;0.332
05/09/76;6.09
06/09/76;1.53
07/09/76;0.237
08/09/76;0.214
09/09/76;0.192
10/09/76;0.192
11/09/76;0.192
12/09/76;0.146
13/09/76;0.123
14/09/76;0.077
15/09/76;0.505
16/09/76;0.306
17/09/76;0.283
18/09/76;0.26
19/09/76;0.237
20/09/76;0.237
21/09/76;0.237
22/09/76;0.214
23/09/76;0.214
24/09/76;0.214
25/09/76;0.146
26/09/76;0.169
27/09/76;0.169
28/09/76;0.192
29/09/76;0.192
30/09/76;0.192
01/10/76;0.192
02/10/76;0.192
03/10/76;0.214
04/10/76;0.214
05/10/76;0.214
06/10/76;0.214
07/10/76;0.237
08/10/76;0.237
09/10/76;0.237
10/10/76;0.237
11/10/76;0.525
12/10/76;0.859
13/10/76;0.481
14/10/76;0.283
15/10/76;0.283
16/10/76;0.26
17/10/76;0.283
18/10/76;0.283
19/10/76;0.306
20/10/76;0.306
21/10/76;0.283
22/10/76;0.283
23/10/76;0.26
24/10/76;0.26
25/10/76;0.283
26/10/76;0.283
27/10/76;0.283
28/10/76;0.283
29/10/76;0.394
30/10/76;0.283
31/10/76;0.283
01/11/76;0.283
02/11/76;0.283
03/11/76;0.283
04/11/76;0.283
05/11/76;0.306
06/11/76;0.35
07/11/76;0.455
08/11/76;0.525
09/11/76;0.437
10/11/76;0.481
11/11/76;0.525
12/11/76;0.525
13/11/76;0.525
14/11/76;0.525
15/11/76;0.525
16/11/76;0.569
17/11/76;0.613
18/11/76;0.656
19/11/76;0.7
20/11/76;1.2
21/11/76;1.2
22/11/76;0.835
23/11/76;0.744
24/11/76;0.7
25/11/76;0.613
26/11/76;0.569
27/11/76;0.481
28/11/76;0.481
29/11/76;0.481
30/11/76;0.481
01/12/76;0.437
02/12/76;0.394
03/12/76;0.394
04/12/76;0.35
05/12/76;0.35
06/12/76;0.394
07/12/76;0.394
08/12/76;0.35
09/12/76;0.35
10/12/76;0.35
11/12/76;0.35
12/12/76;0.306
13/12/76;0.306
14/12/76;0.35
15/12/76;0.35
16/12/76;0.35
17/12/76;0.35
18/12/76;0.35
19/12/76;0.306
20/12/76;0.306
21/12/76;0.306
22/12/76;0.283
23/12/76;0.283
24/12/76;0.283
25/12/76;0.283
26/12/76;0.283
27/12/76;0.283
28/12/76;0.283
29/12/76;0.26
30/12/76;0.169
31/12/76;0.169
01/01/77;0.169
02/01/77;0.169
03/01/77;0.169
04/01/77;0.169
05/01/77;0.169
06/01/77;0.169
07/01/77;0.169
08/01/77;0.169
09/01/77;0.169
10/01/77;0.169
11/01/77;0.169
12/01/77;0.169
13/01/77;0.192
14/01/77;0.169
15/01/77;0.169
16/01/77;0.192
17/01/77;0.169
18/01/77;0.192
19/01/77;0.192
20/01/77;0.169
21/01/77;0.169
22/01/77;0.192
23/01/77;0.192
24/01/77;0.192
25/01/77;0.192
26/01/77;0.192
27/01/77;0.192
28/01/77;0.192
29/01/77;0.192
30/01/77;0.192
31/01/77;0.192
01/02/77;0.192
02/02/77;0.192
03/02/77;0.192
04/02/77;0.214
05/02/77;0.214
06/02/77;0.237
07/02/77;0.214
08/02/77;0.214
09/02/77;0.237
10/02/77;0.237
11/02/77;0.237
12/02/77;0.237
13/02/77;0.237
14/02/77;0.237
15/02/77;0.237
16/02/77;0.237
17/02/77;0.214
18/02/77;0.214
19/02/77;0.214
20/02/77;0.237
21/02/77;0.26
22/02/77;0.26
23/02/77;0.26
24/02/77;0.237
25/02/77;0.237
26/02/77;0.237
27/02/77;0.237
28/02/77;0.237
01/03/77;0.237
02/03/77;0.237
03/03/77;0.237
04/03/77;0.237
05/03/77;0.237
06/03/77;0.237
07/03/77;0.237
08/03/77;0.237
09/03/77;0.237
10/03/77;0.237
11/03/77;0.214
12/03/77;0.192
13/03/77;0.237
14/03/77;0.214
15/03/77;0.214
16/03/77;0.214
17/03/77;0.237
18/03/77;0.214
19/03/77;0.214
20/03/77;0.214
21/03/77;0.214
22/03/77;0.192
23/03/77;0.214
24/03/77;0.214
25/03/77;0.192
26/03/77;0.169
27/03/77;0.192
28/03/77;0.214
29/03/77;0.214
30/03/77;0.214
31/03/77;0.214
01/04/77;0.214
02/04/77;0.192
03/04/77;0.169
04/04/77;0.192
05/04/77;0.192
06/04/77;0.192
07/04/77;0.353
08/04/77;0.146
09/04/77;0.146
10/04/77;0.146
11/04/77;0.146
12/04/77;0.146
13/04/77;0.146
14/04/77;0.251
15/04/77;0.237
16/04/77;0.192
17/04/77;0.192
18/04/77;0.192
19/04/77;0.169
20/04/77;0.146
21/04/77;0.123
22/04/77;0.123
23/04/77;0.123
24/04/77;0.146
25/04/77;0.123
26/04/77;0.123
27/04/77;0.123
28/04/77;0.123
29/04/77;0.1
30/04/77;0.1
01/05/77;0.1
02/05/77;0.146
03/05/77;0.192
04/05/77;0.192
05/05/77;0.192
06/05/77;0.192
07/05/77;0.192
08/05/77;0.192
09/05/77;0.169
10/05/77;0.146
11/05/77;0.169
12/05/77;0.169
13/05/77;0.169
14/05/77;0.169
15/05/77;0.192
16/05/77;0.192
17/05/77;0.192
18/05/77;0.214
19/05/77;0.192
20/05/77;0.192
21/05/77;0.192
22/05/77;0.214
23/05/77;0.192
24/05/77;0.169
25/05/77;0.192
26/05/77;0.192
27/05/77;0.192
28/05/77;0.169
29/05/77;0.146
30/05/77;0.146
31/05/77;0.169
01/06/77;0.169
02/06/77;0.169
03/06/77;0.146
04/06/77;0.146
05/06/77;0.169
06/06/77;0.169
07/06/77;0.169
08/06/77;0.169
09/06/77;0.169
10/06/77;0.169
11/06/77;0.169
12/06/77;0.169
13/06/77;0.169
14/06/77;0.169
15/06/77;0.169
16/06/77;0.192
17/06/77;0.192
18/06/77;0.192
19/06/77;0.192
20/06/77;0.192
21/06/77;0.192
22/06/77;0.192
23/06/77;0.192
24/06/77;0.32
25/06/77;0.214
26/06/77;0.123
27/06/77;0.123
28/06/77;0.192
29/06/77;0.192
30/06/77;0.169
01/07/77;0.192
02/07/77;0.192
03/07/77;0.169
04/07/77;0.169
05/07/77;0.146
06/07/77;0.146
07/07/77;0.169
08/07/77;0.169
09/07/77;0.169
10/07/77;0.169
11/07/77;0.169
12/07/77;0.146
13/07/77;0.146
14/07/77;0.146
15/07/77;0.146
16/07/77;0.146
17/07/77;0.146
18/07/77;0.146
19/07/77;0.169
20/07/77;0.169
21/07/77;0.169
22/07/77;0.169
23/07/77;0.38
24/07/77;0.36
25/07/77;0.74
26/07/77;0.42
27/07/77;0.4
28/07/77;0.41
29/07/77;0.49
30/07/77;0.82
31/07/77;0.54
01/08/77;0.42
02/08/77;0.41
03/08/77;0.39
04/08/77;0.4
05/08/77;0.56
06/08/77;0.49
07/08/77;2.32
08/08/77;0.69
09/08/77;0.44
10/08/77;0.42
11/08/77;0.38
12/08/77;0.5
13/08/77;0.39
14/08/77;0.4
15/08/77;0.4
16/08/77;0.41
17/08/77;0.57
18/08/77;2.69
19/08/77;8.5
20/08/77;0.6
21/08/77;3.3
22/08/77;1.04
23/08/77;0.24
24/08/77;0.24
25/08/77;0.24
26/08/77;0.21
27/08/77;0.17
28/08/77;0.12
29/08/77;0.07
30/08/77;0.045
31/08/77;0.045
01/09/77;0.07
02/09/77;0.07
03/09/77;0.43
04/09/77;13.96
05/09/77;0.312
06/09/77;0.276
07/09/77;0.276
08/09/77;0.215
09/09/77;0.215
10/09/77;0.216
11/09/77;0.216
12/09/77;0.216
13/09/77;75.53
14/09/77;3.05
15/09/77;14.12
16/09/77;0.9
17/09/77;0.5925
18/09/77;0.777
19/09/77;0.7155
20/09/77;0.654
21/09/77;0.654
22/09/77;0.5925
23/09/77;0.5925
24/09/77;0.5925
25/09/77;0.531
26/09/77;0.531
27/09/77;0.531
28/09/77;0.5925
29/09/77;0.531
30/09/77;0.531
01/10/77;0.5925
02/10/77;0.654
03/10/77;0.5925
04/10/77;0.531
05/10/77;0.245
06/10/77;10.71875
07/10/77;1.312
08/10/77;0.885
09/10/77;0.8
10/10/77;0.2795167
11/10/77;0.0758
12/10/77;0.052
13/10/77;0.049
14/10/77;0.046
15/10/77;0.043
16/10/77;0.046
17/10/77;0.043
18/10/77;0.043
19/10/77;0.046
20/10/77;0.043
21/10/77;0.043
22/10/77;0.046
23/10/77;0.171
24/10/77;0.2424
25/10/77;0.2186
26/10/77;0.2186
27/10/77;0.2186
28/10/77;0.2186
29/10/77;0.2186
30/10/77;0.2186
31/10/77;0.2186
01/11/77;0.2186
02/11/77;0.2186
03/11/77;0.2186
04/11/77;0.2186
05/11/77;0.2186
06/11/77;0.2424
07/11/77;0.2424
08/11/77;0.2424
09/11/77;0.2424
10/11/77;0.2662
11/11/77;0.2662
12/11/77;0.2662
13/11/77;0.29
14/11/77;0.29
15/11/77;0.29
16/11/77;0.29
17/11/77;0.375
18/11/77;3.93725
19/11/77;1.020791
20/11/77;0.545
21/11/77;0.29
22/11/77;0.2662
23/11/77;0.2424
24/11/77;0.2424
25/11/77;0.2424
26/11/77;0.2186
27/11/77;0.2186
28/11/77;0.2186
29/11/77;0.2186
30/11/77;0.2186
01/12/77;0.2186
02/12/77;0.2186
03/12/77;0.2186
04/12/77;2.508
05/12/77;4.181125
06/12/77;1.312
07/12/77;1.055
08/12/77;0.97
09/12/77;1.055
10/12/77;1.226
11/12/77;0.885
12/12/77;0.885
13/12/77;0.8
14/12/77;0.715
15/12/77;0.715
16/12/77;0.63
17/12/77;0.8
18/12/77;0.375
19/12/77;5.397958
20/12/77;25.57767
21/12/77;9.051916
22/12/77;6.5295
23/12/77;3.852
24/12/77;3.17
25/12/77;1.927
26/12/77;1.635
27/12/77;1.343
28/12/77;1.146
29/12/77;1.022
30/12/77;0.96
31/12/77;1.022
01/01/78;0.712
02/01/78;0.65
03/01/78;0.614
04/01/78;0.578
05/01/78;0.542
06/01/78;0.6208332
07/01/78;0.5779999
08/01/78;0.542
09/01/78;0.542
10/01/78;0.542
11/01/78;0.542
12/01/78;0.542
13/01/78;0.542
14/01/78;0.542
15/01/78;0.506
16/01/78;0.47
17/01/78;0.47
18/01/78;1.12875
19/01/78;10.25472
20/01/78;4.818
21/01/78;4.035
22/01/78;2.62
23/01/78;1.988
24/01/78;1.79
25/01/78;1.625
26/01/78;1.295
27/01/78;1.0792
28/01/78;1.0256
29/01/78;0.972
30/01/78;0.9184
31/01/78;0.8112
01/02/78;0.7576
02/02/78;0.7576
03/02/78;0.7576
04/02/78;0.704
05/02/78;0.704
06/02/78;0.6624
07/02/78;0.6624
08/02/78;0.6208
09/02/78;0.5792
10/02/78;0.5792
11/02/78;0.5792
12/02/78;0.4128
13/02/78;0.288
14/02/78;0.244
15/02/78;0.222
16/02/78;0.222
17/02/78;0.222
18/02/78;0.222
19/02/78;0.2
20/02/78;0.178
21/02/78;0.178
22/02/78;0.156
23/02/78;0.156
24/02/78;0.156
25/02/78;0.178
26/02/78;0.266
27/02/78;0.266
28/02/78;0.266
01/03/78;0.244
02/03/78;0.288
03/03/78;0.266
04/03/78;0.266
05/03/78;0.266
06/03/78;0.266
07/03/78;0.266
08/03/78;0.266
09/03/78;0.266
10/03/78;0.266
11/03/78;0.266
12/03/78;0.288
13/03/78;0.288
14/03/78;0.266
15/03/78;0.266
16/03/78;0.266
17/03/78;0.266
18/03/78;0.266
19/03/78;0.288
20/03/78;0.266
21/03/78;0.266
22/03/78;0.266
23/03/78;0.266
24/03/78;0.266
25/03/78;0.266
26/03/78;0.3296
27/03/78;0.3296
28/03/78;0.3296
29/03/78;0.288
30/03/78;0.288
31/03/78;0.266
01/04/78;0.266
02/04/78;0.266
03/04/78;0.266
04/04/78;0.244
05/04/78;0.244
06/04/78;0.288
07/04/78;0.288
08/04/78;0.288
09/04/78;0.266
10/04/78;0.266
11/04/78;0.244
12/04/78;0.266
13/04/78;0.266
14/04/78;0.266
15/04/78;0.266
16/04/78;0.178
17/04/78;0.156
18/04/78;0.156
19/04/78;0.156
20/04/78;0.156
21/04/78;0.156
22/04/78;0.156
23/04/78;0.156
24/04/78;0.156
25/04/78;0.156
26/04/78;0.134
27/04/78;0.156
28/04/78;0.156
29/04/78;0.156
30/04/78;0.134
01/05/78;0.134
02/05/78;0.134
03/05/78;0.156
04/05/78;0.156
05/05/78;0.156
06/05/78;0.156
07/05/78;0.112
08/05/78;0.134
09/05/78;0.134
10/05/78;0.134
11/05/78;0.112
12/05/78;0.112
13/05/78;0.112
14/05/78;0.134
15/05/78;0.134
16/05/78;0.134
17/05/78;0.134
18/05/78;0.134
19/05/78;0.134
20/05/78;0.134
21/05/78;0.112
22/05/78;0.112
23/05/78;0.112
24/05/78;0.112
25/05/78;0.068
26/05/78;0.09
27/05/78;0.09
28/05/78;0.112
29/05/78;0.112
30/05/78;0.09
31/05/78;0.068
01/06/78;0.068
02/06/78;0.0628
03/06/78;0.0628
04/06/78;0.0576
05/06/78;0.0576
06/06/78;0.0628
07/06/78;0.0628
08/06/78;0.0628
09/06/78;0.0628
10/06/78;0.0628
11/06/78;0.0524
12/06/78;0.068
13/06/78;0.0628
14/06/78;0.0576
15/06/78;0.0524
16/06/78;0.0524
17/06/78;0.0576
18/06/78;0.0576
19/06/78;0.0628
20/06/78;0.0628
21/06/78;0.0576
22/06/78;0.068
23/06/78;0.068
24/06/78;0.09
25/06/78;0.0576
26/06/78;0.112
27/06/78;0.0576
28/06/78;0.042
29/06/78;0.042
30/06/78;0.0576
01/07/78;0.0524
02/07/78;0.0368
03/07/78;0.0368
04/07/78;0.0524
05/07/78;0.0576
06/07/78;0.0524
07/07/78;0.0524
08/07/78;0.042
09/07/78;0.0368
10/07/78;0.0368
11/07/78;0.0368
12/07/78;0.042
13/07/78;0.042
14/07/78;0.0472
15/07/78;0.042
16/07/78;0.0472
17/07/78;0.042
18/07/78;0.0368
19/07/78;0.22585
20/07/78;0.0472
21/07/78;0.042
22/07/78;0.042
23/07/78;0.0368
24/07/78;0.0368
25/07/78;0.7673666
26/07/78;0.0368
27/07/78;0.0316
28/07/78;0.0264
29/07/78;0.0212
30/07/78;0.0212
31/07/78;0.0264
01/08/78;0.0264
02/08/78;0.0316
03/08/78;0.0316
04/08/78;0.0316
05/08/78;0.0824
06/08/78;0.0368
07/08/78;0.0368
08/08/78;0.0316
09/08/78;0.0316
10/08/78;0.8551333
11/08/78;0.20215
12/08/78;0.0628
13/08/78;4.288954
14/08/78;2.486834
15/08/78;1.119
16/08/78;1.072
17/08/78;1.166
18/08/78;0.978
19/08/78;0.978
20/08/78;0.978
21/08/78;1.025
22/08/78;0.837
23/08/78;0.7426
24/08/78;0.7426
25/08/78;0.6952
26/08/78;0.6004
27/08/78;0.6952
28/08/78;2.160562
29/08/78;0.978
30/08/78;0.884
31/08/78;41.92434
01/09/78;0.9347082
02/09/78;0.802
03/09/78;0.853
04/09/78;0.904
05/09/78;0.802
06/09/78;0.853
07/09/78;0.802
08/09/78;0.802
09/09/78;0.751
10/09/78;0.7
11/09/78;0.532
12/09/78;0.532
13/09/78;0.574
14/09/78;0.574
15/09/78;0.574
16/09/78;0.574
17/09/78;0.574
18/09/78;0.532
19/09/78;0.532
20/09/78;0.574
21/09/78;0.574
22/09/78;0.574
23/09/78;0.574
24/09/78;0.658
25/09/78;0.7
26/09/78;0.658
27/09/78;0.658
28/09/78;0.658
29/09/78;0.658
30/09/78;3.172985
01/10/78;6.088531
02/10/78;1.822125
03/10/78;0.904
04/10/78;1.523958
05/10/78;1.124667
06/10/78;1.128291
07/10/78;0.955
08/10/78;0.802
09/10/78;0.7
10/10/78;0.751
11/10/78;0.7
12/10/78;0.7
13/10/78;0.658
14/10/78;0.616
15/10/78;0.574
16/10/78;0.532
17/10/78;0.448
18/10/78;0.448
19/10/78;0.406
20/10/78;0.406
21/10/78;0.448
22/10/78;0.448
23/10/78;0.364
24/10/78;0.364
25/10/78;0.322
26/10/78;0.322
27/10/78;0.28
28/10/78;0.28
29/10/78;0.254
30/10/78;0.254
31/10/78;0.254
01/11/78;0.254
02/11/78;0.254
03/11/78;0.254
04/11/78;0.254
05/11/78;0.254
06/11/78;0.254
07/11/78;0.254
08/11/78;0.28
09/11/78;0.28
10/11/78;0.28
11/11/78;0.28
12/11/78;0.28
13/11/78;0.28
14/11/78;0.28
15/11/78;0.322
16/11/78;0.322
17/11/78;0.322
18/11/78;0.322
19/11/78;0.322
20/11/78;0.364
21/11/78;0.364
22/11/78;0.322
23/11/78;0.322
24/11/78;0.322
25/11/78;0.322
26/11/78;0.28
27/11/78;0.28
28/11/78;0.28
29/11/78;0.28
30/11/78;0.28
01/12/78;0.28
02/12/78;0.254
03/12/78;0.254
04/12/78;0.254
05/12/78;0.254
06/12/78;0.254
07/12/78;0.254
08/12/78;0.254
09/12/78;0.228
10/12/78;0.228
11/12/78;0.254
12/12/78;0.228
13/12/78;0.228
14/12/78;0.228
15/12/78;0.228
16/12/78;0.228
17/12/78;0.202
18/12/78;0.202
19/12/78;0.202
20/12/78;0.202
21/12/78;0.202
22/12/78;0.202
23/12/78;0.202
24/12/78;0.202
25/12/78;0.202
26/12/78;0.228
27/12/78;0.202
28/12/78;0.202
29/12/78;0.202
30/12/78;0.202
31/12/78;0.202
01/01/79;0.228
02/01/79;0.254
03/01/79;0.254
04/01/79;0.28
05/01/79;0.28
06/01/79;0.28
07/01/79;0.322
08/01/79;0.322
09/01/79;0.364
10/01/79;0.364
11/01/79;0.364
12/01/79;0.364
13/01/79;0.364
14/01/79;0.364
15/01/79;0.364
16/01/79;0.364
17/01/79;0.364
18/01/79;0.364
19/01/79;0.364
20/01/79;0.364
21/01/79;0.364
22/01/79;0.364
23/01/79;0.364
24/01/79;0.364
25/01/79;0.406
26/01/79;0.406
27/01/79;0.406
28/01/79;0.406
29/01/79;0.406
30/01/79;0.406
31/01/79;0.406
01/02/79;0.406
02/02/79;0.406
03/02/79;0.364
04/02/79;0.364
05/02/79;0.364
06/02/79;0.364
07/02/79;0.406
08/02/79;0.406
09/02/79;0.406
10/02/79;0.406
11/02/79;0.406
12/02/79;0.406
13/02/79;0.406
14/02/79;0.406
15/02/79;0.364
16/02/79;0.364
17/02/79;0.406
18/02/79;0.28
19/02/79;0.322
20/02/79;2.044117
21/02/79;9.002085
22/02/79;1.87
23/02/79;1.403438
24/02/79;0.58
25/02/79;0.517
26/02/79;0.454
27/02/79;0.4225
28/02/79;0.391
01/03/79;0.3595
02/03/79;0.4225
03/03/79;1.038937
04/03/79;0.4855
05/03/79;0.4855
06/03/79;0.454
07/03/79;0.454
08/03/79;1.0725
09/03/79;0.521625
10/03/79;0.328
11/03/79;0.265
12/03/79;0.2276
13/03/79;0.2089
14/03/79;0.1902
15/03/79;0.1341
16/03/79;0.1341
17/03/79;0.0715
18/03/79;0.1725417
19/03/79;0.2463
20/03/79;0.2463
21/03/79;0.2463
22/03/79;0.2965
23/03/79;0.391
24/03/79;0.2965
25/03/79;0.265
26/03/79;0.2463
27/03/79;0.265
28/03/79;2.37175
29/03/79;0.517
30/03/79;0.454
31/03/79;0.391
01/04/79;0.2965
02/04/79;0.265
03/04/79;0.2463
04/04/79;0.2276
05/04/79;0.2089
06/04/79;0.1902
07/04/79;0.1715
08/04/79;0.2276
09/04/79;0.2965
10/04/79;0.2965
11/04/79;0.2965
12/04/79;0.265
13/04/79;0.265
14/04/79;0.2965
15/04/79;0.2965
16/04/79;0.2965
17/04/79;0.2965
18/04/79;0.2965
19/04/79;0.2965
20/04/79;0.2965
21/04/79;0.2965
22/04/79;0.328
23/04/79;0.328
24/04/79;0.328
25/04/79;0.2965
26/04/79;0.2965
27/04/79;0.265
28/04/79;0.265
29/04/79;0.265
30/04/79;0.265
01/05/79;0.265
02/05/79;0.2463
03/05/79;0.2463
04/05/79;0.328
05/05/79;0.2965
06/05/79;0.2965
07/05/79;0.265
08/05/79;0.265
09/05/79;0.265
10/05/79;0.3595
11/05/79;0.2463
12/05/79;0.265
13/05/79;0.265
14/05/79;0.265
15/05/79;0.265
16/05/79;0.265
17/05/79;0.265
18/05/79;0.265
19/05/79;0.2463
20/05/79;0.265
21/05/79;0.265
22/05/79;0.265
23/05/79;0.265
24/05/79;0.265
25/05/79;0.265
26/05/79;0.265
27/05/79;0.265
28/05/79;0.265
29/05/79;0.265
30/05/79;0.265
31/05/79;0.265
01/06/79;0.265
02/06/79;0.265
03/06/79;0.265
04/06/79;0.2965
05/06/79;0.265
06/06/79;0.265
07/06/79;0.265
08/06/79;0.265
09/06/79;0.265
10/06/79;0.2965
11/06/79;0.265
12/06/79;0.265
13/06/79;0.265
14/06/79;0.265
15/06/79;0.265
16/06/79;0.265
17/06/79;0.2463
18/06/79;0.265
19/06/79;0.265
20/06/79;0.265
21/06/79;0.265
22/06/79;0.2463
23/06/79;0.2463
24/06/79;0.2463
25/06/79;0.2463
26/06/79;0.2463
27/06/79;0.2463
28/06/79;0.2463
29/06/79;0.2463
30/06/79;0.2276
01/07/79;0.2276
02/07/79;0.2276
03/07/79;0.2276
04/07/79;0.2276
05/07/79;0.2276
06/07/79;0.2276
07/07/79;0.2276
08/07/79;0.2276
09/07/79;0.2276
10/07/79;0.2276
11/07/79;0.2276
12/07/79;0.2276
13/07/79;0.2276
14/07/79;15.14154
15/07/79;2.055852
16/07/79;0.2264
17/07/79;0.1911
18/07/79;0.1713
19/07/79;0.1614
20/07/79;0.1515
21/07/79;0.1515
22/07/79;0.1317
23/07/79;0.1911
24/07/79;0.2518
25/07/79;0.328
26/07/79;0.1812
27/07/79;0.201
28/07/79;0.2518
29/07/79;0.328
30/07/79;0.2772
31/07/79;0.3534
01/08/79;0.328
02/08/79;0.328
03/08/79;0.328
04/08/79;0.328
05/08/79;0.3026
06/08/79;0.2518
07/08/79;0.3026
08/08/79;0.328
09/08/79;0.3534
10/08/79;0.328
11/08/79;0.328
12/08/79;0.3788
13/08/79;0.3026
14/08/79;0.3026
15/08/79;0.328
16/08/79;0.328
17/08/79;0.328
18/08/79;0.328
19/08/79;0.328
20/08/79;0.3788
21/08/79;0.3534
22/08/79;0.3534
23/08/79;0.328
24/08/79;0.3534
25/08/79;0.328
26/08/79;0.3534
27/08/79;0.2772
28/08/79;0.3026
29/08/79;7.708167
30/08/79;1.008667
31/08/79;3.84001
01/09/79;1.091438
02/09/79;0.8940001
03/09/79;0.951
04/09/79;0.666
05/09/79;0.552
06/09/79;0.495
07/09/79;0.4705
08/09/79;0.495
09/09/79;0.495
10/09/79;0.495
11/09/79;0.609
12/09/79;0.609
13/09/79;0.446
14/09/79;0.3725
15/09/79;0.3725
16/09/79;0.3725
17/09/79;0.348
18/09/79;0.348
19/09/79;0.348
20/09/79;0.348
21/09/79;0.348
22/09/79;0.348
23/09/79;0.348
24/09/79;0.348
25/09/79;0.3725
26/09/79;0.348
27/09/79;0.348
28/09/79;0.348
29/09/79;0.348
30/09/79;0.348
01/10/79;0.348
02/10/79;0.348
03/10/79;0.348
04/10/79;0.348
05/10/79;0.348
06/10/79;0.3725
07/10/79;0.4215
08/10/79;0.4215
09/10/79;0.4215
10/10/79;0.4215
11/10/79;0.397
12/10/79;0.4215
13/10/79;0.397
14/10/79;0.4215
15/10/79;0.4215
16/10/79;7.429918
17/10/79;1.065645
18/10/79;0.7320001
19/10/79;0.558
20/10/79;0.442
21/10/79;0.326
22/10/79;0.326
23/10/79;0.268
24/10/79;0.268
25/10/79;0.268
26/10/79;0.326
27/10/79;0.5
28/10/79;0.326
29/10/79;0.326
30/10/79;0.268
31/10/79;0.442
01/11/79;0.442
02/11/79;0.442
03/11/79;0.5
04/11/79;0.442
05/11/79;0.442
06/11/79;0.442
07/11/79;0.442
08/11/79;0.5
09/11/79;1.013333
10/11/79;1.438125
11/11/79;0.7320001
12/11/79;0.79
13/11/79;0.848
14/11/79;0.906
15/11/79;0.906
16/11/79;0.906
17/11/79;0.906
18/11/79;0.964
19/11/79;0.964
20/11/79;0.964
21/11/79;0.964
22/11/79;0.964
23/11/79;0.964
24/11/79;0.964
25/11/79;1.022
26/11/79;1.022
27/11/79;1.155875
28/11/79;1.138
29/11/79;2.194375
30/11/79;4.562625
01/12/79;2.159542
02/12/79;2.352167
03/12/79;1.488
04/12/79;1.196
05/12/79;1.138
06/12/79;1.138
07/12/79;1.196
08/12/79;1.254
09/12/79;1.37
10/12/79;1.488
11/12/79;1.901
12/12/79;2.137
13/12/79;2.019
14/12/79;1.901
15/12/79;1.842
16/12/79;1.547
17/12/79;1.37
18/12/79;1.254
19/12/79;1.138
20/12/79;1.08
21/12/79;1.429
22/12/79;1.37
23/12/79;1.312
24/12/79;1.37
25/12/79;1.488
26/12/79;1.96
27/12/79;2.491
28/12/79;2.432
29/12/79;2.255
30/12/79;1.901
31/12/79;1.901
01/01/80;1.724
02/01/80;1.783
03/01/80;1.547
04/01/80;1.547
05/01/80;1.429
06/01/80;1.37
07/01/80;1.429
08/01/80;1.429
09/01/80;1.547
10/01/80;1.665
11/01/80;1.783
12/01/80;1.783
13/01/80;1.665
14/01/80;1.606
15/01/80;1.488
16/01/80;1.429
17/01/80;1.429
18/01/80;2.931541
19/01/80;1.724
20/01/80;1.783
21/01/80;1.665
22/01/80;1.547
23/01/80;1.37
24/01/80;1.37
25/01/80;1.37
26/01/80;1.254
27/01/80;1.196
28/01/80;1.138
29/01/80;1.138
30/01/80;1.138
31/01/80;1.08
01/02/80;1.08
02/02/80;1.08
03/02/80;1.022
04/02/80;0.964
05/02/80;0.906
06/02/80;0.848
07/02/80;0.848
08/02/80;0.848
09/02/80;0.848
10/02/80;0.848
11/02/80;0.848
12/02/80;0.848
13/02/80;0.79
14/02/80;0.7320001
15/02/80;0.7320001
16/02/80;0.7320001
17/02/80;0.906
18/02/80;0.848
19/02/80;0.79
20/02/80;0.79
21/02/80;0.7320001
22/02/80;0.674
23/02/80;0.674
24/02/80;0.6160001
25/02/80;0.6160001
26/02/80;0.558
27/02/80;0.558
28/02/80;0.558
29/02/80;0.558
01/03/80;0.5
02/03/80;0.442
03/03/80;0.21
04/03/80;0.21
05/03/80;0.21
06/03/80;0.326
07/03/80;0.442
08/03/80;0.442
09/03/80;0.79
10/03/80;0.5
11/03/80;0.442
12/03/80;0.6232499
13/03/80;0.674
14/03/80;0.6160001
15/03/80;0.5
16/03/80;0.5
17/03/80;0.442
18/03/80;0.384
19/03/80;0.326
20/03/80;0.326
21/03/80;0.21
22/03/80;0.21
23/03/80;0.326
24/03/80;0.326
25/03/80;0.326
26/03/80;0.558
27/03/80;0.5
28/03/80;0.5
29/03/80;0.5
30/03/80;0.5
31/03/80;0.442
01/04/80;0.442
02/04/80;0.384
03/04/80;0.384
04/04/80;0.7815583
05/04/80;1.308167
06/04/80;0.8485835
07/04/80;0.326
08/04/80;0.268
09/04/80;0.21
10/04/80;0.21
11/04/80;0.1947
12/04/80;0.1794
13/04/80;0.1794
14/04/80;0.1947
15/04/80;0.1794
16/04/80;0.1794
17/04/80;0.1794
18/04/80;0.1794
19/04/80;0.1794
20/04/80;0.1794
21/04/80;0.1947
22/04/80;0.1947
23/04/80;0.1947
24/04/80;0.1794
25/04/80;0.3922583
26/04/80;0.326
27/04/80;0.1947
28/04/80;0.21
29/04/80;0.3985
30/04/80;0.767333
01/05/80;0.1947
02/05/80;0.1794
03/05/80;0.1794
04/05/80;0.1794
05/05/80;0.1794
06/05/80;0.1641
07/05/80;0.1488
08/05/80;0.1488
09/05/80;0.1335
10/05/80;0.1335
11/05/80;0.1488
12/05/80;0.1488
13/05/80;0.1335
14/05/80;0.1488
15/05/80;0.1335
16/05/80;0.1182
17/05/80;0.1335
18/05/80;0.1029
19/05/80;0.1029
20/05/80;0.0876
21/05/80;0.1182
22/05/80;0.1182
23/05/80;0.1182
24/05/80;0.1182
25/05/80;0.1182
26/05/80;0.1182
27/05/80;0.1182
28/05/80;0.1182
29/05/80;0.1182
30/05/80;0.1182
31/05/80;0.1182
01/06/80;0.1182
02/06/80;0.1182
03/06/80;0.1029
04/06/80;0.1029
05/06/80;0.1029
06/06/80;0.1029
07/06/80;0.1029
08/06/80;0.1029
09/06/80;0.0876
10/06/80;0.0876
11/06/80;0.0876
12/06/80;0.0876
13/06/80;0.0876
14/06/80;0.0876
15/06/80;0.0876
16/06/80;0.0876
17/06/80;0.0876
18/06/80;0.0876
19/06/80;0.0876
20/06/80;0.1029
21/06/80;0.1335
22/06/80;0.1029
23/06/80;0.1182
24/06/80;0.1029
25/06/80;0.1029
26/06/80;0.1182
27/06/80;8.473792
28/06/80;0.8858461
29/06/80;0.377
30/06/80;0.216
01/07/80;0.5401
02/07/80;0.4489875
03/07/80;0.193
04/07/80;0.193
05/07/80;0.216
06/07/80;0.193
07/07/80;0.193
08/07/80;7.268791
09/07/80;1.002375
10/07/80;0.5788
11/07/80;0.5788
12/07/80;0.5788
13/07/80;0.4894
14/07/80;0.4
15/07/80;0.377
16/07/80;0.377
17/07/80;0.377
18/07/80;0.377
19/07/80;0.377
20/07/80;0.354
21/07/80;0.354
22/07/80;0.377
23/07/80;0.4
24/07/80;0.354
25/07/80;0.4
26/07/80;0.4
27/07/80;0.4
28/07/80;0.354
29/07/80;0.216
30/07/80;0.4
31/07/80;0.4447
01/08/80;0.4894
02/08/80;0.4447
03/08/80;0.4447
04/08/80;0.4
05/08/80;0.4
06/08/80;0.4
07/08/80;0.4447
08/08/80;0.4447
09/08/80;1.949179
10/08/80;0.5009084
11/08/80;0.354
12/08/80;0.331
13/08/80;0.285
14/08/80;0.285
15/08/80;0.285
16/08/80;0.331
17/08/80;0.285
18/08/80;0.239
19/08/80;0.239
20/08/80;0.239
21/08/80;0.262
22/08/80;0.262
23/08/80;0.262
24/08/80;0.285
25/08/80;0.239
26/08/80;0.285
27/08/80;0.3415416
28/08/80;0.308
29/08/80;0.285
30/08/80;0.285
31/08/80;0.285
01/09/80;0.285
02/09/80;0.285
03/09/80;1.076488
04/09/80;0.4447
05/09/80;0.4681041
06/09/80;0.7015832
07/09/80;0.377
08/09/80;0.377
09/09/80;0.377
10/09/80;0.354
11/09/80;0.331
12/09/80;0.331
13/09/80;1.931062
14/09/80;0.6444917
15/09/80;0.354
16/09/80;0.331
17/09/80;0.331
18/09/80;0.308
19/09/80;0.308
20/09/80;0.308
21/09/80;0.239
22/09/80;0.262
23/09/80;0.285
24/09/80;0.262
25/09/80;0.239
26/09/80;0.239
27/09/80;0.216
28/09/80;0.285
29/09/80;0.285
30/09/80;0.285
01/10/80;3.802674
02/10/80;0.308
03/10/80;0.285
04/10/80;0.285
05/10/80;0.308
06/10/80;0.331
07/10/80;0.3530417
08/10/80;1.717262
09/10/80;0.331
10/10/80;0.331
11/10/80;0.308
12/10/80;0.285
13/10/80;0.285
14/10/80;0.308
15/10/80;0.331
16/10/80;0.331
17/10/80;0.285
18/10/80;0.285
19/10/80;0.285
20/10/80;0.285
21/10/80;0.285
22/10/80;0.308
23/10/80;0.285
24/10/80;0.285
25/10/80;0.285
26/10/80;0.285
27/10/80;0.285
28/10/80;0.285
29/10/80;0.6310793
30/10/80;4.138832
31/10/80;3.612583
01/11/80;2.03
02/11/80;1.378
03/11/80;1.024
04/11/80;0.847
05/11/80;0.8023
06/11/80;0.7576
07/11/80;0.6682
08/11/80;0.6682
09/11/80;0.6235
10/11/80;0.5788
11/11/80;0.5341
12/11/80;0.5341
13/11/80;0.5341
14/11/80;0.5341
15/11/80;0.4894
16/11/80;0.4447
17/11/80;0.4447
18/11/80;0.4447
19/11/80;0.4
20/11/80;0.377
21/11/80;0.4
22/11/80;0.377
23/11/80;0.377
24/11/80;0.377
25/11/80;0.377
26/11/80;0.377
27/11/80;0.377
28/11/80;0.377
29/11/80;0.377
30/11/80;0.377
01/12/80;0.377
02/12/80;0.377
03/12/80;0.377
04/12/80;0.377
05/12/80;0.377
06/12/80;0.377
07/12/80;0.377
08/12/80;0.377
09/12/80;0.377
10/12/80;0.377
11/12/80;0.377
12/12/80;0.377
13/12/80;0.354
14/12/80;0.354
15/12/80;0.354
16/12/80;0.354
17/12/80;0.354
18/12/80;0.354
19/12/80;0.8442374
20/12/80;0.847
21/12/80;0.847
22/12/80;0.847
23/12/80;0.8023
24/12/80;0.7576
25/12/80;0.7129
26/12/80;0.6682
27/12/80;0.4447
28/12/80;0.377
29/12/80;0.5341
30/12/80;0.4447
31/12/80;0.4894
01/01/81;0.4447
02/01/81;0.4447
03/01/81;0.4
04/01/81;0.4
05/01/81;0.5341
06/01/81;0.4894
07/01/81;0.4447
08/01/81;0.4447
09/01/81;0.4447
10/01/81;0.4447
11/01/81;0.4242126
12/01/81;0.7780874
13/01/81;0.377
14/01/81;0.354
15/01/81;0.354
16/01/81;0.354
17/01/81;0.354
18/01/81;0.354
19/01/81;0.354
20/01/81;0.354
21/01/81;0.4894
22/01/81;0.354
23/01/81;0.354
24/01/81;0.331
25/01/81;0.331
26/01/81;0.331
27/01/81;0.331
28/01/81;0.331
29/01/81;0.331
30/01/81;0.285
31/01/81;0.262
01/02/81;0.239
02/02/81;0.216
03/02/81;0.6095042
04/02/81;0.4447
05/02/81;0.4447
06/02/81;0.4
07/02/81;0.377
08/02/81;0.331
09/02/81;0.308
10/02/81;0.285
11/02/81;0.308
12/02/81;0.262
13/02/81;0.262
14/02/81;0.262
15/02/81;0.262
16/02/81;0.262
17/02/81;0.239
18/02/81;0.262
19/02/81;0.239
20/02/81;0.239
21/02/81;0.239
22/02/81;0.216
23/02/81;0.216
24/02/81;0.193
25/02/81;0.193
26/02/81;0.193
27/02/81;0.216
28/02/81;0.216
01/03/81;0.216
02/03/81;0.239
03/03/81;0.216
04/03/81;0.193
05/03/81;0.216
06/03/81;0.216
07/03/81;0.262
08/03/81;0.239
09/03/81;0.239
10/03/81;0.239
11/03/81;0.262
12/03/81;0.262
13/03/81;0.239
14/03/81;0.239
15/03/81;0.239
16/03/81;0.239
17/03/81;0.239
18/03/81;0.285
19/03/81;0.308
20/03/81;0.308
21/03/81;0.285
22/03/81;0.308
23/03/81;0.262
24/03/81;0.262
25/03/81;0.285
26/03/81;0.262
27/03/81;0.262
28/03/81;0.239
29/03/81;0.216
30/03/81;0.239
31/03/81;0.216
01/04/81;0.7698877
02/04/81;0.331
03/04/81;0.216
04/04/81;0.7440417
05/04/81;1.522146
06/04/81;1.284871
07/04/81;0.6301045
08/04/81;1.4055
09/04/81;0.8531876
10/04/81;0.5325208
11/04/81;0.5315
12/04/81;0.4505
13/04/81;0.5315
14/04/81;0.5315
15/04/81;0.5315
16/04/81;0.41
17/04/81;0.41
18/04/81;0.3425
19/04/81;0.2975
20/04/81;0.275
21/04/81;0.2525
22/04/81;0.2525
23/04/81;0.2525
24/04/81;0.2525
25/04/81;0.2525
26/04/81;0.2525
27/04/81;0.2525
28/04/81;0.9774374
29/04/81;0.7956667
30/04/81;0.491
01/05/81;0.365
02/05/81;0.41
03/05/81;0.2975
04/05/81;0.2525
05/05/81;0.2525
06/05/81;0.2525
07/05/81;0.2525
08/05/81;0.2525
09/05/81;0.23
10/05/81;0.23
11/05/81;0.2525
12/05/81;0.2525
13/05/81;0.23
14/05/81;0.23
15/05/81;0.2075
16/05/81;0.23
17/05/81;0.2525
18/05/81;0.2525
19/05/81;0.2525
20/05/81;0.23
21/05/81;0.23
22/05/81;0.23
23/05/81;0.23
24/05/81;0.2525
25/05/81;0.2525
26/05/81;0.23
27/05/81;0.23
28/05/81;0.23
29/05/81;0.2075
30/05/81;0.23
31/05/81;0.2075
01/06/81;0.23
02/06/81;0.2075
03/06/81;0.2075
04/06/81;0.2075
05/06/81;0.2075
06/06/81;0.2075
07/06/81;0.23
08/06/81;0.23
09/06/81;0.23
10/06/81;0.23
11/06/81;0.23
12/06/81;0.23
13/06/81;0.23
14/06/81;0.2525
15/06/81;0.2525
16/06/81;0.2525
17/06/81;0.23
18/06/81;0.23
19/06/81;0.23
20/06/81;0.2525
21/06/81;0.23
22/06/81;0.23
23/06/81;0.23
24/06/81;0.23
25/06/81;0.23
26/06/81;0.23
27/06/81;0.23
28/06/81;0.23
29/06/81;0.23
30/06/81;0.23
01/07/81;0.23
02/07/81;0.23
03/07/81;0.23
04/07/81;0.23
05/07/81;0.23
06/07/81;0.23
07/07/81;0.2075
08/07/81;0.2075
09/07/81;0.2075
10/07/81;0.2075
11/07/81;0.2075
12/07/81;0.2075
13/07/81;0.2075
14/07/81;0.2075
15/07/81;0.2075
16/07/81;0.2075
17/07/81;0.2075
18/07/81;0.2075
19/07/81;0.2075
20/07/81;0.2075
21/07/81;0.2075
22/07/81;0.2075
23/07/81;0.2525
24/07/81;0.23
25/07/81;0.23
26/07/81;0.23
27/07/81;0.2075
28/07/81;0.2075
29/07/81;0.2075
30/07/81;0.2075
31/07/81;0.2075
01/08/81;0.2075
02/08/81;0.2075
03/08/81;0.2075
04/08/81;0.4835625
05/08/81;0.41
06/08/81;0.2525
07/08/81;0.23
08/08/81;0.23
09/08/81;0.2075
10/08/81;0.2075
11/08/81;0.2075
12/08/81;0.23
13/08/81;0.23
14/08/81;0.23
15/08/81;0.2075
16/08/81;0.2075
17/08/81;0.2075
18/08/81;0.2525
19/08/81;0.23
20/08/81;0.23
21/08/81;0.23
22/08/81;0.23
23/08/81;0.2525
24/08/81;1.330615
25/08/81;0.9854375
26/08/81;0.1645
27/08/81;0.0833
28/08/81;0.1036
29/08/81;0.1036
30/08/81;0.0833
31/08/81;0.1036
01/09/81;0.1036
02/09/81;0.1036
03/09/81;0.1442
04/09/81;0.1239
05/09/81;0.1239
06/09/81;0.1239
07/09/81;0.1036
08/09/81;0.1239
09/09/81;0.1239
10/09/81;0.1239
11/09/81;0.1442
12/09/81;0.1239
13/09/81;0.1239
14/09/81;0.1239
15/09/81;0.1442
16/09/81;0.1442
17/09/81;0.1645
18/09/81;0.1442
19/09/81;0.1442
20/09/81;0.1848
21/09/81;0.2051
22/09/81;0.2051
23/09/81;0.2051
24/09/81;0.2051
25/09/81;0.2051
26/09/81;0.2254
27/09/81;0.2457
28/09/81;0.2051
29/09/81;0.2051
30/09/81;0.2051
01/10/81;0.1848
02/10/81;0.1848
03/10/81;0.1848
04/10/81;0.2701083
05/10/81;0.266
06/10/81;0.2254
07/10/81;0.2254
08/10/81;0.2254
09/10/81;0.2051
10/10/81;0.2051
11/10/81;0.2457
12/10/81;0.2254
13/10/81;0.2254
14/10/81;0.2051
15/10/81;0.2051
16/10/81;0.2051
17/10/81;0.2051
18/10/81;0.2254
19/10/81;0.2254
20/10/81;0.2254
21/10/81;0.2254
22/10/81;0.2457
23/10/81;0.2457
24/10/81;0.2457
25/10/81;0.266
26/10/81;0.266
27/10/81;0.266
28/10/81;0.266
29/10/81;0.266
30/10/81;0.3442
31/10/81;0.3051
01/11/81;0.3051
02/11/81;0.3051
03/11/81;0.3051
04/11/81;0.266
05/11/81;0.3051
06/11/81;0.3051
07/11/81;0.3051
08/11/81;0.3051
09/11/81;0.3051
10/11/81;0.266
11/11/81;0.266
12/11/81;0.2457
13/11/81;0.266
14/11/81;0.266
15/11/81;0.266
16/11/81;0.4615
17/11/81;0.3833
18/11/81;0.3442
19/11/81;0.8445167
20/11/81;0.5919249
21/11/81;0.3442
22/11/81;0.3833
23/11/81;0.3833
24/11/81;0.3833
25/11/81;0.3442
26/11/81;0.3442
27/11/81;0.3442
28/11/81;0.3442
29/11/81;0.3442
30/11/81;0.3442
01/12/81;0.3442
02/12/81;0.3442
03/12/81;0.3442
04/12/81;0.3442
05/12/81;0.3442
06/12/81;0.3051
07/12/81;0.3051
08/12/81;0.3051
09/12/81;0.3051
10/12/81;0.3051
11/12/81;0.3051
12/12/81;0.3051
13/12/81;0.3051
14/12/81;0.3051
15/12/81;0.3051
16/12/81;0.3051
17/12/81;0.3051
18/12/81;0.3442
19/12/81;0.3442
20/12/81;0.3442
21/12/81;0.3442
22/12/81;0.3442
23/12/81;0.3442
24/12/81;0.3442
25/12/81;0.3051
26/12/81;0.3051
27/12/81;0.3051
28/12/81;0.3442
29/12/81;0.3833
30/12/81;0.3833
31/12/81;0.4615
01/01/82;0.5397
02/01/82;0.5788
03/01/82;0.657
04/01/82;0.6179
05/01/82;0.6179
06/01/82;0.5788
07/01/82;0.5788
08/01/82;0.5006
09/01/82;0.4615
10/01/82;0.4615
11/01/82;0.4615
12/01/82;0.4224
13/01/82;0.6179
14/01/82;0.5006
15/01/82;0.4615
16/01/82;0.4224
17/01/82;0.5006
18/01/82;0.6179
19/01/82;0.7413
20/01/82;0.8256
21/01/82;1.3314
22/01/82;1.4157
23/01/82;1.595
24/01/82;1.2471
25/01/82;1.4157
26/01/82;1.595
27/01/82;1.3314
28/01/82;1.1628
29/01/82;1.0785
30/01/82;0.9099
31/01/82;0.9099
01/02/82;0.9099
02/02/82;0.9099
03/02/82;0.8256
04/02/82;0.657
05/02/82;0.6179
06/02/82;0.6179
07/02/82;0.5788
08/02/82;0.5788
09/02/82;0.5788
10/02/82;0.5788
11/02/82;0.5397
12/02/82;0.5397
13/02/82;0.5397
14/02/82;0.4615
15/02/82;0.4615
16/02/82;0.4615
17/02/82;0.4224
18/02/82;0.4224
19/02/82;0.3833
20/02/82;0.3833
21/02/82;0.3442
22/02/82;0.3442
23/02/82;0.4615
24/02/82;0.3833
25/02/82;0.3833
26/02/82;0.3833
27/02/82;0.3833
28/02/82;0.4615
01/03/82;0.4615
02/03/82;0.4615
03/03/82;0.4615
04/03/82;0.4224
05/03/82;0.3833
06/03/82;0.3833
07/03/82;0.3833
08/03/82;0.4224
09/03/82;0.3833
10/03/82;0.4224
11/03/82;0.3833
12/03/82;0.3051
13/03/82;0.3051
14/03/82;0.3051
15/03/82;0.3051
16/03/82;0.3051
17/03/82;0.3051
18/03/82;0.3051
19/03/82;0.3051
20/03/82;0.3051
21/03/82;0.3051
22/03/82;0.1848
23/03/82;0.1848
24/03/82;0.1645
25/03/82;0.1645
26/03/82;0.1645
27/03/82;0.1442
28/03/82;0.1645
29/03/82;0.1645
30/03/82;0.1645
31/03/82;0.1645
01/04/82;0.1645
02/04/82;0.1645
03/04/82;0.1645
04/04/82;0.1645
05/04/82;0.1645
06/04/82;0.1645
07/04/82;0.1645
08/04/82;0.1645
09/04/82;0.1645
10/04/82;0.1645
11/04/82;0.1645
12/04/82;0.1645
13/04/82;0.1645
14/04/82;0.1645
15/04/82;0.1645
16/04/82;0.1645
17/04/82;0.1645
18/04/82;0.1645
19/04/82;0.1645
20/04/82;0.1645
21/04/82;0.1645
22/04/82;0.1848
23/04/82;0.1645
24/04/82;0.1645
25/04/82;0.1645
26/04/82;0.1645
27/04/82;0.1645
28/04/82;0.1645
29/04/82;0.1645
30/04/82;0.1442
01/05/82;0.1442
02/05/82;0.1645
03/05/82;0.1645
04/05/82;0.1645
05/05/82;0.1645
06/05/82;0.1645
07/05/82;0.1442
08/05/82;0.1442
09/05/82;0.1442
10/05/82;0.1442
11/05/82;0.1442
12/05/82;0.1442
13/05/82;0.1645
14/05/82;0.1645
15/05/82;0.1645
16/05/82;0.1645
17/05/82;0.1645
18/05/82;0.1645
19/05/82;0.1442
20/05/82;0.1442
21/05/82;0.1239
22/05/82;0.1239
23/05/82;0.1645
24/05/82;0.1645
25/05/82;0.1645
26/05/82;0.1645
27/05/82;0.1645
28/05/82;0.1645
29/05/82;0.1645
30/05/82;0.1442
31/05/82;0.1442
01/06/82;0.1442
02/06/82;0.1442
03/06/82;0.1442
04/06/82;0.1442
05/06/82;0.1442
06/06/82;0.1645
07/06/82;0.1645
08/06/82;0.1442
09/06/82;0.1442
10/06/82;0.1442
11/06/82;0.1239
12/06/82;0.1239
13/06/82;0.1239
14/06/82;0.1239
15/06/82;0.1239
16/06/82;0.1239
17/06/82;0.1239
18/06/82;0.1239
19/06/82;0.1239
20/06/82;0.1239
21/06/82;0.1239
22/06/82;0.1442
23/06/82;0.1442
24/06/82;0.1442
25/06/82;0.1442
26/06/82;0.1442
27/06/82;0.1239
28/06/82;0.1239
29/06/82;0.1239
30/06/82;0.1239
01/07/82;0.1239
02/07/82;0.1239
03/07/82;0.1239
04/07/82;0.1239
05/07/82;0.1239
06/07/82;0.1239
07/07/82;0.1239
08/07/82;0.1036
09/07/82;0.1036
10/07/82;0.1036
11/07/82;0.1036
12/07/82;0.0833
13/07/82;0.063
14/07/82;0.063
15/07/82;0.063
16/07/82;0.063
17/07/82;0.063
18/07/82;0.063
19/07/82;0.063
20/07/82;0.0833
21/07/82;0.1036
22/07/82;0.1036
