Sekkak-Learn;
Sekkak-Learn;
N;Q
1;1.1
2;0.86
3;1.1
4;0.86
5;1.1
6;0.86
7;1.1
8;0.86
9;1.1
10;0.9
11;1.31
12;0.86
13;0.9
14;1.05
15;1.1
16;1.1
17;1.1
18;1.1
19;0.9
20;1.1
21;1.1
22;1.1
23;1.1
24;1.1
25;1.31
26;1.1
27;1.1
28;1.1
29;1.1
30;1.1
31;1.1
32;1.1
33;1.1
34;1.31
35;1.1
36;1.1
37;1.1
38;1.1
39;1.39
40;1.31
41;1.39
42;1.31
43;1.31
44;1.1
45;1.1
46;1.1
47;1.1
48;1.1
49;1.1
50;1.5
51;1.1
52;1.1
53;1.1
54;1.1
55;1.1
56;1.1
57;1.1
58;1.1
59;1.1
60;1.1
61;1.1
62;1.1
63;1.1
64;1.1
65;1.1
66;1.1
67;1.31
68;1.47
69;1.39
70;1.31
71;1.1
72;1.1
73;2.4
74;1.5
75;1.49
76;1.5
77;1.49
78;1.49
79;1.49
80;1.47
81;3.5
82;3.2
83;3.2
84;3.2
85;3.2
86;4.9
87;9.7111111111
88;9.36
89;8
90;6.25
91;4.6
92;3.54
93;2.94
94;2.7
95;2.4
96;2.4
97;4.6
98;4.9
99;3.5
100;3.4
101;3.5
102;3.5
103;2.9
104;2.8
105;2.5
106;2.3
107;2
108;2
109;1.6
110;1.9
111;1.7
112;1.7
113;1.6
114;1.5
115;1.5
116;1.5
117;1.47
118;1.5
119;1.49
120;1.39
121;1.31
122;1.31
123;1.31
124;1.47
125;1.39
126;1.31
127;1.31
128;1.31
129;1.31
130;3.2
131;1.8
132;1.15
133;1.15
134;1.39
135;0.9
136;0.9
137;1.05
138;1.05
139;0.9
140;0.9
141;0.9
142;0.9
143;0.9
144;0.9
145;0.8
146;0.9
147;0.9
148;0.9
149;0.8
150;0.8
151;0.8
152;0.8
153;0.8
154;0.8
155;0.8
156;0.8
157;0.8
158;0.8
159;0.8
160;0.8
161;0.8
162;0.8
163;0.8
164;0.8
165;0.8
166;0.8
167;0.8
168;0.7
169;0.7
170;0.7
171;0.7
172;0.8
173;0.7
174;0.7
175;0.53
176;0.7
177;0.7
178;0.7
179;0.7
180;0.7
181;0.7
182;0.7
183;0.8
184;0.8
185;0.8
186;0.8
187;0.8
188;0.8
189;0.8
190;0.8
191;0.8
192;0.8
193;0.8
194;0.8
195;0.8
196;0.8
197;0.7
198;0.8
199;0.8
200;0.8
201;0.8
202;0.8
203;0.8
204;0.8
205;0.8
206;0.8
207;0.8
208;0.8
209;0.8
210;0.8
211;0.8
212;0.8
213;0.8
214;0.8
215;0.8
216;0.8
217;0.8
218;0.8
219;0.8
220;0.8
221;0.8
222;0.8
223;0.8
224;0.8
225;0.8
226;0.8
227;0.7
228;0.7
229;0.7
230;0.7
231;0.8
232;0.7
233;0.8
234;0.8
235;0.8
236;1.3882352941
237;3.6
238;1.8
239;1.55
240;0.7
241;1.39
242;0.9
243;0.9
244;0.8
245;0.8
246;0.8
247;0.8
248;11.7
249;0.8
250;0.8
251;0.8
252;0.8
253;0.8
254;0.88
255;0.8
256;0.9
257;0.8666666667
258;0.8111111111
259;0.8166666667
260;0.8142857143
261;0.8093023256
262;0.8
263;0.8
264;0.8125
265;0.8
266;0.8
267;2.0266666667
268;3.1428571429
269;2.5214285714
270;4.3083333333
271;9.2133333333
272;5.4451612903
273;5.5863636364
274;7.9085714286
275;7.0238095238
276;9.025
277;7.72
278;5.45
279;5.3
280;4.1
281;3.55
282;3.7833333333
283;5.30625
284;11.3
285;9.2111111111
286;5.45
287;4.45
288;4.3125
289;6.2142857143
290;7.7214285714
291;14.54
292;11.8
293;10.6
294;11.8
295;6.4666666667
296;81
297;75
298;60.6
299;67.2
300;59.1598484848
301;42.0397435897
302;34.4398843931
303;34.96
304;44.0801652893
305;75
306;71.4
307;44.08
308;34.9588235294
309;34.9606060606
310;31.3606060606
311;27.8185185185
312;24.2
313;20.6394736842
314;18.6162162162
315;14.65
316;12.2916666667
317;10.2
318;8.35
319;7.2166666667
320;6.975
321;6.4666666667
322;6.98
323;6.2
324;5.9388888889
325;5.625
326;5.15
327;5.3
328;4.6666666667
329;4.35
330;5.8
331;4.35
332;4.5
333;4.35
334;4.075
335;3.8
336;3.2
337;3.06
338;3.0666666667
339;2.94
340;2.575
341;2.46
342;2.46
343;2.46
344;2.34
345;2.46
346;2.34
347;2.02
348;2.22
349;2.34
350;2.46
351;2.4625
352;2.4625
353;2.2166666667
354;2.0946428571
355;2.09
356;1.975
357;1.9727272727
358;1.9777777778
359;1.85
360;1.85
361;1.975
362;1.975
363;1.85
364;1.85
365;1.7555555556
366;1.6590909091
367;16.6566666667
368;1.975
369;1.85
370;2.095
371;1.6590909091
372;1.65625
373;1.5611111111
374;1.5625
375;1.5611111111
376;1.55
377;1.55
378;1.55
379;1.55
380;1.55
381;1.4
382;1.36
383;1.35
384;1.35
385;1.36
386;1.3666666667
387;1.27
388;1.27
389;1.25
390;1.07
391;1.07
392;1.6558394161
393;1.656043956
394;1.2769230769
395;1.2
396;1
397;0.9
398;0.9
399;1.9399061033
400;1.65
401;1.5625
402;1.5619047619
403;1.47
404;1.47
405;1.45
406;1.375
407;1.465
408;1.4666666667
409;1.4666666667
410;1.475
411;1.475
412;1.561
413;1.4666666667
414;1.47
415;1.475
416;1.475
417;1.47
418;1.47
419;1.47
420;1.47
421;1.47
422;1.47
423;1.47
424;1.47
425;1.47
426;1.47
427;1.47
428;1.47
429;1.47
430;1.45
431;1.47
432;1.47
433;1.5
434;1.5
435;1.5
436;1.5
437;1.5
438;1.5
439;1.37
440;1.5
441;1.5
442;1.5
443;1.35
444;1.375
445;1.35
446;1.35
447;1.4
448;1.35
449;1.3
450;1.3
451;1.35
452;1.3
453;1.3
454;1.3
455;1.3
456;1.3
457;1.3
458;1.28
459;1.28
460;1.28
461;1.28
462;1.37
463;1.28
464;1.2666666667
465;1.35
466;1.375
467;1.35
468;3.82
469;21.5
470;24.280044843
471;24.2799528302
472;24.5600393701
473;24.56
474;31.28003003
475;34.0400990099
476;28
477;20.3
478;27.9598214286
479;36.4197916667
480;39.9201086957
481;24.2802197802
482;14.6799212598
483;20.9
484;24.5597826087
485;14.6798969072
486;15.1277777778
487;16.2802197802
488;17.4322580645
489;14.5681818182
490;13.6882352941
491;13.5282051282
492;13.4315217391
493;12.9192307692
494;11
495;10.5294117647
496;9.5852941176
497;8.1833333333
498;7.25
499;6.3214285714
500;5.65
501;4.75
502;2.35
503;1.95
504;1.84
505;1.74
506;1.66
507;1.58
508;1.66
509;24.4198717949
510;27.879787234
511;27.9798780488
512;27.9601190476
513;33.5602409639
514;37.4
515;39.9201086957
516;36.2798507463
517;27.9197916667
518;27.8598765432
519;24.5598958333
520;20
521;15.2718390805
522;17.0479166667
523;15.4480519481
524;13.4638888889
525;13.4
526;13.4
527;13.5925
528;13.5276315789
529;13.4960526316
530;13.4634146341
531;13.4644736842
532;13.4314814815
533;13.1608695652
534;12.4392857143
535;12.2
536;12.6785714286
537;12.4392857143
538;11.4807692308
539;10.5285714286
540;9.8192307692
541;2.0555555556
542;2.05
543;2.57
544;2.3666666667
545;2.05
546;1.85
547;1.8448275862
548;5.6483870968
549;5.4232142857
550;4.528125
551;3.56
552;3.04
553;2.6777777778
554;2.575
555;2.36
556;2.25
557;2.05
558;2.05
559;3.3
560;4.9763157895
561;9.8198412698
562;11.4796610169
563;13.5920634921
564;13.688
565;13.7210526316
566;13.4
567;11.240625
568;10.2916666667
569;9.1133333333
570;2.675
571;7.9431818182
572;7.2472222222
573;7.0147058824
574;6.5521164021
575;7.29
576;8.339953271
577;19.8
578;54.7679558011
579;72.840060241
580;75
581;97.6560810811
582;104.0799516908
583;106.7080924856
584;101.1598870057
585;98.2399350649
586;73.56
587;71.5438848921
588;95.9038690476
589;131.9
590;121.4
591;106.4162790698
592;101.4514705882
593;74.7120289855
594;73.8480769231
595;72.3359848485
596;56.5038888889
597;52.7840425532
598;38.76015625
599;4.51
600;3.97
601;3.61
602;3.49
603;3.01
604;2.77
605;4.3333333333
606;3
607;2.77
608;2.65
609;2.41
610;2.41
611;2.32
612;2.32
613;2.23
614;2.14
615;2.05
616;1.96
617;1.96
618;1.86
619;1.96
620;1.77
621;1.59
622;1.59
623;1.59
624;1.5
625;1.5
626;1.43
627;1.5
628;1.43
629;1.43
630;1.43
631;1.36
632;1.4
633;1.4
634;1.4
635;1.4
636;1.4
637;1.4
638;1.3
639;1.3
640;1.3
641;1.3
642;13.9206896552
643;7.9202702703
644;5.4
645;1.5
646;1.4
647;1.3
648;0.8
649;0.8
650;0.8
651;0.8
652;1.15
653;1.15
654;1.15
655;1.15
656;1.15
657;1.15
658;1.15
659;1.15
660;1.15
661;1.15
662;1.15
663;1.15
664;0.67
665;1.15
666;1.15
667;0.67
668;1.15
669;1.15
670;1.15
671;1.15
672;1.15
673;1.15
674;1.15
675;1.15
676;1.15
677;0.67
678;0.67
679;0.67
680;0.67
681;0.67
682;0.67
683;0.67
684;0.67
685;0.67
686;0.67
687;0.67
688;0.67
689;1.15
690;0.67
691;1.15
692;1.15
693;1.15
694;0.67
695;0.67
696;1.81
697;1.13
698;1.13
699;0.67
700;0.67
701;1.1
702;1.15
703;1.15
704;1.15
705;0.67
706;0.67
707;0.67
708;0.67
709;0.67
710;0.67
711;0.67
712;0.67
713;0.67
714;0.67
715;0.67
716;0.67
717;0.67
718;0.67
719;0.67
720;0.67
721;0.67
722;0.95
723;0.95
724;0.95
725;0.95
726;0.9
727;0.95
728;0.85
729;0.85
730;0.95
731;0.95
732;0.95
733;3.1
734;3.0838888889
735;2
736;1.47
737;7.1
738;4.9
739;4.5
740;3.45
741;9.25625
742;8.3354166667
743;4.15
744;3.45
745;2.4
746;2.7
747;10.7
748;1.47
749;1.47
750;1.85
751;1.85
752;1.85
753;1.875
754;1.8
755;1.85
756;2.8
757;2.525
758;3
759;3.25
760;3.25
761;3.2
762;2.8
763;2.5166666667
764;2.52
765;2.35
766;2.15
767;2.05
768;1.95
769;2.05
770;1.95
771;1.85
772;1.85
773;1.8
774;1.8
775;1.15
776;1.15
777;1.15
778;0.9
779;0.9
780;1.05
781;1.15
782;1.15
783;1.05
784;0.99
785;1.05
786;0.99
787;0.99
788;0.9
789;0.9
790;0.9
791;0.86
792;0.99
793;0.9
794;1.2
795;1.2
796;1.2
797;1.2
798;1.2
799;1.2
800;1.2
801;1.125
802;1.13
803;1.1272727273
804;3.08
805;3.7
806;3.0875
807;2.6125
808;2.3375
809;2.15
810;1.3878947368
811;1.55
812;2.2
813;4.85
814;6.78
815;5.15
816;3.35
817;3.25
818;2.75
819;2.425
820;2.1
821;1.9
822;1.875
823;3.5
824;2.325
825;2.2166666667
826;1.9833333333
827;2.1
828;1.9
829;1.725
830;1.55
831;1.47
832;1.5
833;1.47
834;1.39
835;1.39
836;1.15
837;1.05
838;1.05
839;1.05
840;1.05
841;0.99
842;0.99
843;1.05
844;1.05
845;0.99
846;0.99
847;0.99
848;0.9
849;0.86
850;0.86
851;0.86
852;0.86
853;0.86
854;0.8
855;0.8
856;1.15
857;1.15
858;1.15
859;1.15
860;1.15
861;2.43
862;0.8617647059
863;0.7961538462
864;1.7159898477
865;0.9289473684
866;0.9272727273
867;0.7958333333
868;0.7958333333
869;0.7318181818
870;0.73
871;0.67
872;0.73
873;0.67
874;0.6
875;0.67
876;0.67
877;0.6
878;0.67
879;0.67
880;0.6
881;0.73
882;0.73
883;0.67
884;0.73
885;0.73
886;0.73
887;0.73
888;0.73
889;0.73
890;0.67
891;0.6
892;0.6
893;0.6
894;0.6
895;0.6
896;0.6
897;0.6
898;0.53
899;0.53
900;0.53
901;0.53
902;0.53
903;0.53
904;0.53
905;0.53
906;0.53
907;0.53
908;0.45
909;0.6
910;0.53
911;0.6
912;0.53
913;0.53
914;0.53
915;0.53
916;0.6
917;0.67
918;0.67
919;0.67
920;0.6
921;0.45
922;0.6666666667
923;0.525
924;0.53
925;0.45
926;0.53
927;0.45
928;0.4
929;0.4
930;0.35
931;0.35
932;0.35
933;0.45
934;0.4
935;0.4
936;0.45
937;0.45
938;0.4
939;0.4
940;0.4
941;0.4
942;0.53
943;0.6666666667
944;0.53
945;0.53
946;0.53
947;0.45
948;0.45
949;0.45
950;0.45
951;0.4
952;0.45
953;0.45
954;0.45
955;0.45
956;0.45
957;0.53
958;0.45
959;0.45
960;0.45
961;0.45
962;0.53
963;0.45
964;0.53
965;0.53
966;0.45
967;0.45
968;0.45
969;0.67
970;0.86
971;0.6
972;0.6
973;0.6
974;0.6
975;0.6
976;0.67
977;0.6
978;0.6
979;0.6
980;0.67
981;0.6
982;0.6
983;0.6
984;0.6
985;0.6
986;0.6
987;0.6
988;0.6
989;0.6
990;0.6
991;0.6
992;0.6
993;0.6
994;0.6
995;0.6
996;0.6
997;0.6
998;0.6
999;0.6
1000;0.6
1001;0.6
1002;0.6
1003;0.6
1004;0.6
1005;0.6
1006;0.6
1007;0.6
1008;0.6
1009;0.6
1010;0.67
1011;0.67
1012;0.6
1013;0.67
1014;0.6
1015;0.6
1016;0.6
1017;0.6
1018;0.6
1019;0.6
1020;0.6
1021;0.6
1022;0.6
1023;0.6
1024;0.6
1025;0.6
1026;0.6
1027;0.86
1028;1.8
1029;1.15
1030;1.31
1031;1.8
1032;4.2803030303
1033;2.5416666667
1034;2.56
1035;1.49
1036;1.49
1037;1.31
1038;1.15
1039;1.15
1040;1.05
1041;1.05
1042;0.99
1043;1.05
1044;1.05
1045;1.05
1046;0.99
1047;0.99
1048;0.99
1049;1.8791666667
1050;2.4291666667
1051;2.4291666667
1052;2.1
1053;1.8
1054;1.6285714286
1055;1.47
1056;1.39
1057;1.31
1058;1.3863636364
1059;1.9916666667
1060;1.8818181818
1061;5.5849315068
1062;12.6
1063;7.0977272727
1064;5.6
1065;4.025
1066;3.25
1067;2.65
1068;2.88
1069;2.32
1070;2
1071;1.88
1072;1.71
1073;1.5
1074;1.49
1075;1.5
1076;1.8
1077;1.31
1078;1.8
1079;1.31
1080;1.31
1081;1.8
1082;1.31
1083;1.31
1084;1.31
1085;1.47
1086;1.47
1087;1.47
1088;1.39
1089;1.39
1090;1.39
1091;1.31
1092;1.31
1093;1.31
1094;1.8
1095;1.15
1096;1.15
1097;1.15
1098;1.15
1099;1.05
1100;1.05
1101;1.15
1102;1.05
1103;0.9
1104;0.9
1105;0.9
1106;0.9
1107;0.86
1108;0.86
1109;0.86
1110;0.73
1111;0.73
1112;0.73
1113;0.73
1114;0.67
1115;0.67
1116;0.73
1117;0.73
1118;0.73
1119;0.67
1120;0.67
1121;0.67
1122;0.67
1123;0.67
1124;0.67
1125;0.67
1126;0.67
1127;0.86
1128;0.73
1129;0.67
1130;0.67
1131;0.67
1132;0.67
1133;0.67
1134;0.67
1135;0.67
1136;0.67
1137;0.67
1138;0.67
1139;0.67
1140;0.6
1141;0.6
1142;0.6
1143;0.67
1144;0.67
1145;0.6
1146;0.6
1147;0.6
1148;0.6
1149;0.53
1150;0.6
1151;0.6
1152;0.6
1153;0.6
1154;0.53
1155;0.53
1156;0.53
1157;0.53
1158;0.53
1159;0.53
1160;0.53
1161;0.53
1162;0.53
1163;0.53
1164;0.53
1165;0.53
1166;0.45
1167;0.45
1168;0.45
1169;0.45
1170;0.83
1171;1.3892857143
1172;4.57
1173;0.99
1174;0.8
1175;0.73
1176;0.73
1177;0.67
1178;0.67
1179;0.67
1180;0.6
1181;0.6
1182;0.6
1183;0.86
1184;1.15
1185;1.15
1186;4.98
1187;3.5
1188;2.3
1189;0.86
1190;0.86
1191;0.8
1192;0.73
1193;0.73
1194;0.73
1195;0.73
1196;0.73
1197;0.67
1198;0.67
1199;0.67
1200;0.67
1201;0.67
1202;0.67
1203;0.6
1204;0.67
1205;0.53
1206;0.6
1207;0.6
1208;0.6
1209;0.6
1210;0.6
1211;0.53
1212;0.6
1213;0.6
1214;0.53
1215;0.6
1216;0.53
1217;0.45
1218;0.53
1219;0.6
1220;0.6
1221;0.53
1222;0.45
1223;0.45
1224;0.45
1225;0.45
1226;0.45
1227;0.45
1228;0.45
1229;0.45
1230;0.45
1231;0.45
1232;0.45
1233;0.4
1234;0.4
1235;0.45
1236;0.45
1237;0.45
1238;0.4
1239;0.45
1240;0.45
1241;0.45
1242;0.45
1243;0.45
1244;0.45
1245;0.45
1246;0.45
1247;0.45
1248;0.45
1249;0.4
1250;0.4
1251;0.4
1252;0.4
1253;0.4
1254;0.4
1255;0.45
1256;0.4
1257;0.45
1258;0.45
1259;0.45
1260;0.45
1261;0.4
1262;0.4
1263;0.4
1264;0.4
1265;0.4
1266;0.4
1267;0.4
1268;0.4
1269;0.4
1270;0.4
1271;0.4
1272;0.4
1273;0.4
1274;0.45
1275;0.4
1276;0.4
1277;0.45
1278;0.45
1279;0.45
1280;0.45
1281;0.45
1282;0.4
1283;0.4
1284;0.4
1285;0.45
1286;0.45
1287;0.45
1288;0.45
1289;0.45
1290;0.45
1291;0.45
1292;0.45
1293;0.45
1294;0.45
1295;0.45
1296;0.45
1297;0.45
1298;0.53
1299;0.6
1300;0.53
1301;0.53
1302;0.55
1303;0.5333333333
1304;1.0598870056
1305;0.6647058824
1306;0.525
1307;0.5333333333
1308;0.55
1309;0.525
1310;1.4694444444
1311;1.3057142857
1312;0.9941176471
1313;0.5970588235
1314;0.6
1315;0.532
1316;0.532
1317;0.532
1318;0.532
1319;0.532
1320;0.532
1321;0.532
1322;0.532
1323;0.532
1324;0.532
1325;0.532
1326;0.532
1327;0.532
1328;0.532
1329;0.532
1330;0.532
1331;0.532
1332;0.525
1333;0.5976190476
1334;0.6
1335;0.6
1336;0.66
1337;0.6
1338;0.67
1339;0.73
1340;0.66
1341;0.66
1342;0.8
1343;0.73
1344;0.86
1345;1.55
1346;1.31
1347;1.31
1348;0.99
1349;0.99
1350;0.93
1351;0.86
1352;0.93
1353;0.86
1354;0.86
1355;0.86
1356;0.8625
1357;0.8
1358;0.8
1359;0.8
1360;0.8
1361;0.75
1362;0.7333333333
1363;0.75
1364;0.73
1365;0.75
1366;0.7333333333
1367;0.725
1368;0.73
1369;0.66
1370;0.6625
1371;0.66
1372;0.8
1373;0.8
1374;0.73
1375;0.73
1376;0.73
1377;0.73
1378;1.31
1379;1.31
1380;7.2472222222
1381;6.25
1382;6.07
1383;5.7333333333
1384;5.2
1385;4.5714285714
1386;3.5
1387;3.21
1388;3.25
1389;2.4291666667
1390;4.7125
1391;4.15
1392;3.5
1393;3.8
1394;3.5
1395;3.21
1396;3.25
1397;2.54
1398;2.325
1399;2.2
1400;1.88
1401;1.88
1402;1.8
1403;1.8
1404;1.7125
1405;1.63
1406;1.55
1407;1.55
1408;1.55
1409;1.55
1410;1.45
1411;1.39
1412;1.31
1413;1.3071428571
1414;1.30625
1415;1.3
1416;1.3083333333
1417;1.3
1418;1.3
1419;1.3
1420;1.8
1421;1.15
1422;1.8
1423;1.8
1424;1.8
1425;1.8
1426;1.8
1427;1.8
1428;1.8
1429;1.15
1430;1.15
1431;1.15
1432;1.15
1433;1.15
1434;1.15
1435;1.15
1436;1.05
1437;1.22
1438;1.05
1439;0.99
1440;0.93
1441;0.86
1442;0.8
1443;0.8
1444;0.8
1445;0.8
1446;0.8
1447;0.8
1448;0.86
1449;0.86
1450;0.93
1451;0.86
1452;1.8
1453;1.39
1454;1.15
1455;1.15
1456;1.05
1457;1.05
1458;0.86
1459;0.99
1460;0.93
1461;0.93
1462;0.86
1463;0.86
1464;0.8
1465;0.8
1466;0.8
1467;0.86
1468;0.66
1469;0.73
1470;0.73
1471;0.8
1472;0.86
1473;0.8
1474;0.66
1475;0.73
1476;0.65
1477;0.66
1478;0.675
1479;0.6666666667
1480;0.6
1481;0.53
1482;0.6
1483;0.45
1484;0.6
1485;0.6
1486;0.53
1487;0.53
1488;0.45
1489;0.45
1490;0.45
1491;0.45
1492;0.45
1493;0.475
1494;0.45
1495;0.45
1496;0.45
1497;0.45
1498;0.45
1499;0.4
1500;0.4
1501;0.4
1502;0.4
1503;0.4
1504;0.45
1505;0.4
1506;0.4
1507;0.4
1508;0.4
1509;0.4
1510;0.45
1511;0.35
1512;0.35
1513;0.35
1514;0.4
1515;1.05
1516;0.6375
1517;0.375
1518;0.2875
1519;0.29
1520;0.38
1521;0.3
1522;0.2916666667
1523;0.2875
1524;0.295
1525;0.293
1526;2
1527;0.293
1528;0.3
1529;0.3
1530;0.29
1531;0.29
1532;0.35
1533;0.4
1534;0.4
1535;0.4
1536;0.475
1537;0.4
1538;0.35
1539;0.45
1540;0.6
1541;0.65
1542;0.53
1543;0.53
1544;0.45
1545;0.45
1546;0.55
1547;0.45
1548;0.45
1549;0.45
1550;0.45
1551;0.45
1552;0.45
1553;0.53
1554;0.53
1555;0.53
1556;0.53
1557;0.45
1558;0.53
1559;0.8
1560;0.8833333333
1561;1.725
1562;1.1181818182
1563;1.95
1564;3.0428571429
1565;1.1214285714
1566;0.875
1567;0.7166666667
1568;0.725
1569;0.7
1570;0.6
1571;0.6
1572;0.725
1573;0.72
1574;0.7
1575;0.65
1576;0.53
1577;0.53
1578;0.6
1579;0.65
1580;0.65
1581;0.53
1582;0.53
1583;0.53
1584;0.55
1585;0.4
1586;0.45
1587;0.55
1588;0.55
1589;0.4
1590;0.4
1591;0.4
1592;0.55
1593;0.5625
1594;0.55
1595;0.5666666667
1596;0.45
1597;0.5666666667
1598;0.55
1599;0.55
1600;0.475
1601;0.4
1602;0.5
1603;0.4
1604;0.8
1605;1.8383116883
1606;4.9840110906
1607;7.95202781
1608;7.1039893617
1609;9.4359922179
1610;7.3160058737
1611;6.8919896641
1612;6.7859972203
1613;6.57
1614;5.41
1615;4.5590909091
1616;3.82
1617;3.2909090909
1618;2.9727272727
1619;2.45
1620;2.1444444444
1621;2.05
1622;2.0421052632
1623;3.819047619
1624;4.8777777778
1625;5.3015625
1626;5.725
1627;6.3631578947
1628;7.4225
1629;7.9519230769
1630;7.95
1631;7.7407407407
1632;7.3162790698
1633;6.3613636364
1634;4.9840909091
1635;4.666
1636;3.29
1637;2.8697916667
1638;3.9243055556
1639;4.665625
1640;5.8323529412
1641;5.4055555556
1642;4.7714285714
1643;3.6041666667
1644;3.0796875
1645;2.6592592593
1646;2.5566666667
1647;2.2444444444
1648;2.15
1649;2.04
1650;1.6333333333
1651;1.5285714286
1652;1.15
1653;0.93
1654;1.15
1655;0.93
1656;0.93
1657;0.86
1658;1.05
1659;1.3333333333
1660;1.15
1661;1.25
1662;1.25
1663;1.05
1664;1
1665;0.8
1666;0.8
1667;0.7
1668;0.7111111111
1669;0.7105263158
1670;0.71
1671;0.8
1672;0.8
1673;0.8
1674;0.8
1675;0.7090909091
1676;0.7095238095
1677;0.71
1678;0.71
1679;0.71
1680;0.7111111111
1681;0.7096153846
1682;0.8
1683;0.7111111111
1684;0.7090909091
1685;0.7090909091
1686;0.8
1687;0.53
1688;0.7
1689;0.45
1690;0.6166666667
1691;0.6
1692;0.55
1693;0.4
1694;0.4
1695;0.4
1696;0.35
1697;0.45
1698;0.4
1699;0.45
1700;0.4
1701;0.4
1702;0.28
1703;0.29
1704;0.293
1705;0.293
1706;0.35
1707;0.4
1708;0.4
1709;0.3333333333
1710;0.4
1711;0.29
1712;0.29
1713;0.29
1714;0.29
1715;0.35
1716;0.325
1717;0.325
1718;0.3333333333
1719;0.35
1720;0.29
1721;0.3285714286
1722;0.3277777778
1723;0.3277777778
1724;0.3266666667
1725;0.39375
1726;0.325
1727;0.325
1728;0.325
1729;0.325
1730;5.089973262
1731;1.25
1732;7.9519379845
1733;6.7860215054
1734;1.0700404858
1735;1.069047619
1736;0.3954545455
1737;0.3307692308
1738;8.1639896373
1739;4.9839587242
1740;3.29
1741;1.7360189573
1742;0.3956521739
1743;0.4617647059
1744;0.3964285714
1745;0.4615384615
1746;0.3941176471
1747;0.325
1748;0.3964285714
1749;0.3261904762
1750;0.3946428571
1751;0.395
1752;0.3941176471
1753;0.3954545455
1754;0.3947368421
1755;0.5285714286
1756;0.5333333333
1757;0.5285714286
1758;0.6222222222
1759;0.5285714286
1760;0.6222222222
1761;0.6166666667
1762;0.62
1763;0.62
1764;0.8
1765;0.62
1766;1.0714285714
1767;0.98
1768;0.8
1769;0.8
1770;0.71
1771;0.71
1772;0.7090909091
1773;0.6142857143
1774;0.62
1775;0.6
1776;0.625
1777;0.45
1778;0.625
1779;0.525
1780;0.53
1781;8.9060465116
1782;5.8319444444
1783;3.9239130435
1784;3.916
1785;6.99
1786;10.0200680272
1787;15.0666666667
1788;4.7282608696
1789;2.2666666667
1790;2.08
1791;2
1792;1.55
1793;1.13
1794;0.8894736842
1795;0.8208333333
1796;0.8181818182
1797;0.8214285714
1798;0.75
1799;0.75
1800;0.75
1801;0.75
1802;0.75
1803;0.68
1804;0.6083333333
1805;0.68
1806;0.6777777778
1807;0.8214285714
1808;0.8891304348
1809;0.9588235294
1810;1.2142857143
1811;1.9833333333
1812;2.55
1813;2.6357142857
1814;2.08
1815;1.6285714286
1816;1.4625
1817;1.38125
1818;1.2
1819;1.21
1820;1.2166666667
1821;1.05
1822;1.0444444444
1823;1.04375
1824;1.05
1825;1.0416666667
1826;0.9583333333
1827;0.95
1828;0.99
1829;0.8
1830;0.75
1831;0.75
1832;0.75
1833;1.07
1834;1.07
1835;0.7333333333
1836;0.6166666667
1837;0.675
1838;0.675
1839;2.45
1840;1.9857142857
1841;2.73
1842;3.5858974359
1843;3.8
1844;3.1590909091
1845;4.7276315789
1846;5.0903225806
1847;4.959375
1848;4.6119047619
1849;2.175
1850;1.6333333333
1851;1.99
1852;1.8
1853;1.55
1854;3.3066666667
1855;8.32
1856;18.4
1857;28.1600378788
1858;39.139953271
1859;34.4
1860;37.009922179
1861;45.3
1862;48.9099056604
1863;52.5900414938
1864;51.3299418605
1865;64.2799065421
1866;43.2
1867;58.9
1868;81.1198630137
1869;66.0399061033
1870;52.2599206349
1871;33.7
1872;34.8197183099
1873;23.3603448276
1874;20.8
1875;19.5206896552
1876;19.5202702703
1877;16.6403846154
1878;15.2
1879;14.56
1880;14.0791666667
1881;12.64
1882;12
1883;11.3607142857
1884;10.8818181818
1885;10.5586206897
1886;9.7611111111
1887;8.96
1888;8.48
1889;7.6799850635
1890;6.56
1891;6.5600775194
1892;4.8102040816
1893;3.8764705882
1894;3.4479166667
1895;3.1621621622
1896;3.1625
1897;2.7322580645
1898;2.5901408451
1899;2.4708333333
1900;2.1140625
1901;2.1136363636
1902;1.81
1903;1.06
1904;1.24
1905;1.24
1906;1.15
1907;1.15
1908;1.07
1909;1.1520833333
1910;1.32
1911;1.2346153846
1912;1.23
1913;1.2375
1914;1.07
1915;0.9833333333
1916;1.07
1917;0.86
1918;1.07
1919;1.1555555556
1920;1.2357142857
1921;1.2333333333
1922;1.15
1923;1.07
1924;1.0714285714
1925;0.9875
1926;0.99
1927;0.9870967742
1928;0.9071428571
1929;0.9055555556
1930;0.9055555556
1931;1.15
1932;0.9863636364
1933;0.9035714286
1934;0.825
1935;0.7333333333
1936;0.75
1937;0.75
1938;0.7333333333
1939;0.75
1940;0.75
1941;0.75
1942;0.75
1943;0.65
1944;0.75
1945;0.45
1946;0.45
1947;0.6
1948;0.4
1949;0.4
1950;0.575
1951;0.35
1952;0.6
1953;0.575
1954;0.575
1955;0.525
1956;0.52
1957;0.5
1958;0.5125
1959;0.5142857143
1960;0.525
1961;0.4571428571
1962;0.4583333333
1963;0.45
1964;0.45
1965;0.45
1966;0.29
1967;0.29
1968;0.45
1969;0.45
1970;0.4625
1971;0.45
1972;0.4
1973;0.8214285714
1974;0.45
1975;0.4
1976;0.4
1977;0.8166666667
1978;0.74
1979;1.1520460358
1980;0.9055555556
1981;0.9053571429
1982;0.575
1983;0.517003367
1984;0.4580357143
1985;0.4580357143
1986;1.3170124481
1987;0.9049627792
1988;0.6572916667
1989;0.6
1990;0.6
1991;0.4800083822
1992;17.3120158103
1993;19.3879821958
1994;15.4919254658
1995;11.7799382716
1996;7.2239875389
1997;5.7960294118
1998;4.2
1999;3.6
2000;2.8439873418
2001;2.0340707965
2002;1.032
2003;1.0318181818
2004;0.9602272727
2005;0.8880208333
2006;1.1759656652
2007;1.0322580645
2008;0.888
2009;0.75
2010;0.6
2011;0.54
2012;0.5384615385
2013;0.4791666667
2014;0.4203539823
2015;1.319047619
2016;0.7447368421
2017;0.55
2018;0.55
2019;0.4833333333
2020;1.1772727273
2021;0.82
2022;0.6
2023;0.6
2024;27.4
2025;24.3
2026;27.1599378882
2027;18.748125
2028;17.491958042
2029;17.4560897436
2030;15.8139303483
2031;13.1
2032;10.9
2033;8.76
2034;6.3178977273
2035;4.05
2036;2.2379310345
2037;1.3200757576
2038;0.9600961538
2039;11.34002849
2040;9.4020100503
2041;7.2238916256
2042;4.65
2043;4.8
2044;4.05
2045;2.9700819672
2046;2.339893617
2047;0.75
2048;0.6
2049;0.4833333333
2050;0.4181818182
2051;0.75
2052;0.54
2053;0.4833333333
2054;0.5416666667
2055;0.4777777778
2056;0.475
2057;1.3214285714
2058;0.6
2059;0.6
2060;0.54
2061;0.55
2062;0.54
2063;0.54
2064;0.6
2065;0.6
2066;0.6
2067;0.6
2068;0.6
2069;0.6
2070;0.6
2071;0.75
2072;0.68
2073;0.68
2074;0.6
2075;0.68
2076;0.75
2077;0.71
2078;0.71
2079;0.71
2080;0.71
2081;0.71
2082;0.62
2083;0.53
2084;0.75
2085;0.62
2086;0.53
2087;0.71
2088;0.8
2089;0.75
2090;1.9285714286
2091;1.3
2092;0.86
2093;0.95
2094;0.95
2095;1.7276785714
2096;2.0340425532
2097;2.3404761905
2098;2.7180555556
2099;3.0961538462
2100;3.2214285714
2101;3.6
2102;5.1
2103;5.97
2104;14.48
2105;13.1
2106;11.78
2107;6.8384615385
2108;7.9875
2109;7.025
2110;5.9714285714
2111;5.6233333333
2112;5.9710526316
2113;5.7952380952
2114;6.725
2115;7.2197368421
2116;7.55
2117;8.4043478261
2118;9.0893939394
2119;9.6276785714
2120;10.1801724138
2121;10.5482758621
2122;12.88
2123;11.812
2124;12.167816092
2125;12.5239583333
2126;17.8101123596
2127;18.0559139785
2128;23.6399082569
2129;18.06
2130;17.8
2131;30.25
2132;32
2133;33.2801282051
2134;33.62
2135;32.9401515152
2136;30.6
2137;29.55
2138;26.76
2139;23.4666666667
2140;20
2141;19.8
2142;41.46
2143;17.8
2144;17.65
2145;14.6666666667
2146;14.2
2147;13.875
2148;13.725
2149;12.7
2150;3.08
2151;11.1
2152;10.35
2153;8.075
2154;5.325
2155;4.2
2156;3.65
2157;3.38
2158;3.25
2159;3.65
2160;4.3375
2161;3.925
2162;3.2333333333
2163;2.875
2164;2.425
2165;2.2
2166;1.95
2167;1.8
2168;1.8
2169;1.6333333333
2170;1.6333333333
2171;3.925
2172;2.3166666667
2173;5.615
2174;3.1
2175;3.1
2176;3.2428571429
2177;3.9285714286
2178;3.1
2179;2.425
2180;2.42
2181;2.1928571429
2182;1.9666666667
2183;1.8
2184;1.65
2185;1.54
2186;1.5416666667
2187;1.54
2188;1.72
2189;1.7125
2190;1.5416666667
2191;1.4571428571
2192;1.46
2193;1.2833333333
2194;2.425
2195;5.6166666667
2196;4.48
2197;2.42
2198;3.1
2199;2.5375
2200;2.31
2201;1.9666666667
2202;1.7125
2203;1.625
2204;1.55
2205;1.54
2206;1.55
2207;1.55
2208;1.55
2209;1.55
2210;1.45
2211;1.2875
2212;1.2833333333
2213;1.46
2214;1.2916666667
2215;1.21
2216;1.1166666667
2217;1.1166666667
2218;1.05
2219;0.9875
2220;0.9916666667
2221;0.99
2222;0.925
2223;0.925
2224;0.7916666667
2225;0.6666666667
2226;0.6
2227;0.7125
2228;0.71
2229;0.7
2230;0.7166666667
2231;0.675
2232;0.65
2233;0.6333333333
2234;0.675
2235;0.625
2236;0.65
2237;0.625
2238;0.625
2239;0.65
2240;0.65
2241;0.65
2242;0.6333333333
2243;0.6
2244;0.6
2245;0.625
2246;0.6
2247;0.6
2248;0.625
2249;0.625
2250;0.65
2251;0.6
2252;0.6
2253;0.6
2254;0.6
2255;0.6
2256;0.6
2257;0.55
2258;0.55
2259;0.65
2260;0.625
2261;0.625
2262;0.6
2263;0.6
2264;0.6
2265;0.6
2266;0.29
2267;0.6
2268;0.6
2269;0.575
2270;0.6
2271;0.6
2272;0.56
2273;0.55
2274;0.575
2275;0.5666666667
2276;0.575
2277;0.55
2278;0.56
2279;0.56
2280;0.56
2281;0.56
2282;0.6
2283;0.6
2284;0.675
2285;0.6722222222
2286;0.6292682927
2287;0.5979166667
2288;0.5642857143
2289;0.56
2290;0.56
2291;0.56
2292;0.65
2293;0.6
2294;0.65
2295;0.65
2296;0.625
2297;0.63125
2298;0.6285714286
2299;0.625
2300;0.6333333333
2301;0.625
2302;0.625
2303;0.6333333333
2304;0.6333333333
2305;0.6333333333
2306;0.625
2307;0.625
2308;0.625
2309;0.67
2310;0.625
2311;0.675
2312;0.67
2313;0.6666666667
2314;0.7
2315;1.95
2316;0.75
2317;0.75
2318;0.65
2319;0.72
2320;0.93
2321;0.7
2322;0.7
2323;0.72
2324;0.65
2325;0.65
2326;0.65
2327;0.65
2328;0.6
2329;0.65
2330;0.65
2331;0.65
2332;0.65
2333;0.65
2334;0.65
2335;0.6666666667
2336;0.675
2337;0.6666666667
2338;0.675
2339;0.65
2340;0.6
2341;0.6333333333
2342;0.625
2343;0.625
2344;0.65
2345;0.75
2346;0.8
2347;0.825
2348;0.8
2349;2.35
2350;2.3470588235
2351;1.7
2352;1.7
2353;2.1857142857
2354;1.7
2355;1.7875
2356;2.26875
2357;1.3333333333
2358;1.1666666667
2359;0.925
2360;0.8833333333
2361;0.8333333333
2362;0.8
2363;0.75
2364;0.7
2365;0.7166666667
2366;0.7
2367;0.7
2368;0.7
2369;0.65
2370;0.625
2371;0.6333333333
2372;0.35
2373;0.625
2374;0.63
2375;0.625
2376;0.625
2377;0.5
2378;0.28
2379;0.63
2380;0.45
2381;0.45
2382;0.65
2383;0.6305555556
2384;0.625
2385;0.35
2386;0.6
2387;0.55
2388;0.525
2389;0.525
2390;0.55
2391;0.55
2392;0.625
2393;0.65
2394;0.625
2395;0.8
2396;0.65
2397;0.625
2398;0.55
2399;0.55
2400;0.575
2401;0.55
2402;0.75
2403;11.6800353357
2404;7.3283018868
2405;6.5383928571
2406;3.6922413793
2407;1.3192307692
2408;0.4976744186
2409;1.0240107914
2410;0.9611111111
2411;0.3947368421
2412;0.3941176471
2413;0.425
2414;0.28
2415;0.43
2416;0.45
2417;0.43
2418;0.4275
2419;0.425
2420;0.4625
2421;0.4615384615
2422;0.425
2423;0.425
2424;0.425
2425;0.3928571429
2426;0.43
2427;0.425
2428;0.4285714286
2429;0.3233333333
2430;0.2875
2431;0.2875
2432;0.2916666667
2433;0.2875
2434;0.2863636364
2435;0.2863636364
2436;0.2888888889
2437;0.2863636364
2438;0.2857142857
2439;0.2868421053
2440;0.3227272727
2441;0.3225
2442;0.3239130435
2443;0.3227272727
2444;0.3233333333
2445;0.3233333333
2446;0.2868421053
2447;0.2885714286
2448;2.875
2449;0.3222222222
2450;0.2888888889
2451;0.2833333333
2452;0.35
2453;0.3625
2454;0.3580092593
2455;4.5379960317
2456;4.1150232558
2457;0.633030303
2458;4.5380733945
2459;3.5510638298
2460;2.69
2461;0.5
2462;0.5
2463;0.4625
2464;0.3214285714
2465;0.3928571429
2466;0.53125
2467;0.7
2468;0.5357142857
2469;0.5
2470;0.5357142857
2471;0.5333333333
2472;0.425
2473;8.3240356083
2474;6.7640532544
2475;5.06
2476;3.392
2477;1.0444444444
2478;0.99
2479;0.875
2480;0.875
2481;0.8833333333
2482;0.9357142857
2483;1.1028571429
2484;1.38125
2485;1.2125
2486;1.6
2487;1.3333333333
2488;1.275
2489;1.1
2490;1.1
2491;1.05
2492;1.05
2493;1.05
2494;1.05
2495;1.2714285714
2496;1.59
2497;2.975
2498;2.5833333333
2499;2.4
2500;2.2
2501;1.825
2502;1.75
2503;1.6
2504;1.4333333333
2505;1.3833333333
2506;1.3875
2507;1.325
2508;1.2125
2509;1.1625
2510;1.1
2511;1.1
2512;1.1
2513;1.05
2514;0.9375
2515;0.875
2516;0.8833333333
2517;0.9375
2518;0.88
2519;0.875
2520;0.9375
2521;0.9333333333
2522;0.9833333333
2523;0.8833333333
2524;0.875
2525;0.8833333333
2526;0.875
2527;0.8833333333
2528;0.8125
2529;0.74
2530;0.68
2531;0.61
2532;0.61
2533;0.6071428571
2534;0.6076923077
2535;0.54
2536;0.8795180723
2537;0.7416666667
2538;0.6055555556
2539;0.6090909091
2540;0.8777777778
2541;0.8777777778
2542;0.8166666667
2543;0.8090909091
2544;0.81
2545;0.6071428571
2546;0.675
2547;0.6125
2548;0.6071428571
2549;0.6090909091
2550;0.6083333333
2551;0.61
2552;0.5416666667
2553;0.5357142857
2554;0.6076923077
2555;0.6083333333
2556;0.61
2557;0.60625
2558;0.6071428571
2559;0.5375
2560;0.60625
2561;0.6071428571
2562;0.6
2563;0.6
2564;0.6125
2565;1.27
2566;1.275
2567;1.2714285714
2568;1.2181818182
2569;1.2125
2570;1.275
2571;1.3277777778
2572;1.2161764706
2573;1.1571428571
2574;1.325
2575;1.1625
2576;1.27
2577;1.2125
2578;0.34
2579;0.47
2580;0.4
2581;0.336
2582;0.2676470588
2583;0.2681818182
2584;0.405
2585;0.4027777778
2586;0.4022727273
2587;0.4033333333
2588;0.4038461538
2589;0.4
2590;0.405
2591;0.4035714286
2592;0.4
2593;0.4
2594;0.4
2595;0.4026315789
2596;0.4
2597;0.4038461538
2598;0.4023809524
2599;0.4034883721
2600;0.403125
2601;0.4035714286
2602;0.4034090909
2603;0.4027777778
2604;0.4034482759
2605;0.4036363636
2606;0.4038461538
2607;0.4023809524
2608;0.403125
2609;0.4020833333
2610;0.403030303
2611;0.4
2612;0.4
2613;0.4
2614;0.4
2615;0.47
2616;0.47
2617;0.47
2618;0.4708333333
2619;0.4733333333
2620;0.4666666667
2621;0.54
2622;0.54
2623;0.54
2624;0.5375
2625;0.54
2626;0.5375
2627;0.35
2628;0.35
2629;0.35
2630;0.35
2631;0.35
2632;0.375
2633;0.375
2634;0.4
2635;0.4
2636;0.425
2637;0.4
2638;0.4
2639;0.4
2640;0.3727272727
2641;0.4
2642;0.3742857143
2643;0.375
2644;0.375
2645;0.4303571429
2646;1.0893442623
2647;2.4066666667
2648;0.5470588235
2649;0.4291666667
2650;0.43125
2651;0.43
2652;0.4291666667
2653;0.4016666667
2654;0.4022727273
2655;0.4015625
2656;0.4018518519
2657;0.4
2658;0.4
2659;0.55
2660;0.4333333333
2661;0.4333333333
2662;0.4
2663;0.4
2664;0.425
2665;0.4
2666;0.4
2667;0.375
2668;0.4
2669;0.4
2670;0.4
2671;0.4
2672;0.4
2673;0.72
2674;0.4
2675;0.43
2676;0.425
2677;0.425
2678;0.4333333333
2679;0.4333333333
2680;0.4857142857
2681;0.4333333333
2682;0.4333333333
2683;0.425
2684;0.55
2685;0.4833333333
2686;0.5
2687;0.6
2688;0.55
2689;0.55
2690;0.4833333333
2691;0.4833333333
2692;0.4333333333
2693;0.4
2694;0.4833333333
2695;0.5
2696;0.425
2697;0.4333333333
2698;1.0125
2699;0.78
2700;0.8375
2701;0.7166666667
2702;0.6
2703;0.6
2704;0.6
2705;0.5
2706;0.35
2707;0.375
2708;0.375
2709;0.35
2710;0.35
2711;0.35
2712;0.325
2713;0.25
2714;0.3166666667
2715;0.35
2716;0.3166666667
2717;0.35
2718;0.3738636364
2719;0.6636363636
2720;0.4916666667
2721;0.4018867925
2722;0.5454545455
2723;0.4318181818
2724;0.4022727273
2725;0.4285714286
2726;0.4285714286
2727;0.4289473684
2728;0.4291666667
2729;0.4305555556
2730;0.375
2731;0.37
2732;0.3724137931
2733;0.4875
2734;0.4305555556
2735;1.0889833941
2736;1.0889858233
2737;1.01
2738;0.9519880716
2739;0.894013683
2740;0.8360204082
2741;0.7199481865
2742;0.4023809524
2743;0.3461538462
2744;0.3166666667
2745;0.3175
2746;0.344
2747;0.3166666667
2748;0.3176470588
2749;0.3461538462
2750;0.2875
2751;0.2590909091
2752;0.3454545455
2753;0.3178571429
2754;0.29
2755;0.2888888889
2756;0.2880952381
2757;0.2890625
2758;0.2613636364
2759;0.2611111111
2760;0.2333333333
2761;0.147826087
2762;0.2047619048
2763;0.175
2764;0.2052631579
2765;0.2340909091
2766;0.2041666667
2767;0.1769230769
2768;0.2041666667
2769;0.1480769231
2770;0.1714285714
2771;0.2
2772;0.1714285714
2773;0.1833333333
2774;0.175
2775;0.37
2776;0.2052631579
2777;0.26
2778;0.2322580645
2779;0.232
2780;0.2333333333
2781;0.2322580645
2782;0.2034482759
2783;0.1763157895
2784;0.23125
2785;0.2326923077
2786;0.2321428571
2787;0.2041666667
2788;0.2326086957
2789;1.1680412371
2790;1.01
2791;0.9520238095
2792;0.8940353461
2793;0.8939807384
2794;0.7200339559
2795;0.662033195
2796;0.4879120879
2797;0.345049505
2798;0.3166666667
2799;0.2330508475
2800;0.2321428571
2801;0.2327586207
2802;0.2035714286
2803;0.2323529412
2804;0.2045454545
2805;0.203125
2806;0.2333333333
2807;0.2055555556
2808;0.8359800363
2809;0.7200136612
2810;0.7199748744
2811;0.6620232172
2812;0.5460031348
2813;0.4300643087
2814;0.374
2815;0.345049505
2816;0.2888888889
2817;0.2890625
2818;0.2888888889
2819;0.3157894737
2820;0.2875
2821;0.2346153846
2822;0.2333333333
2823;0.2318181818
2824;0.26
2825;0.23
2826;0.2333333333
2827;0.8939554613
2828;0.8359953704
2829;0.8359722222
2830;0.7199335548
2831;0.6619517544
2832;0.4020376176
2833;0.345
2834;0.3445945946
2835;0.2875
2836;0.2625
2837;0.2869565217
2838;0.23
2839;0.2321428571
2840;0.3
2841;0.3458333333
2842;0.3461538462
2843;0.4
2844;0.3722222222
2845;0.4846153846
2846;1.169047619
2847;2.0022727273
2848;3.1547297297
2849;3.0401197605
2850;3.1549488055
2851;3.0400662252
2852;2.8098591549
2853;2.81
2854;2.6078947368
2855;7.92
2856;4.4552
2857;3.9600961538
2858;3.6631016043
2859;3.4650246305
2860;3.1680124224
2861;2.9700787402
2862;2.7939393939
2863;2.5301136364
2864;2.2658536585
2865;2.0898989899
2866;2.0902173913
2867;1.9556818182
2868;1.8886363636
2869;1.7548387097
2870;1.6879518072
2871;1.6166666667
2872;0.936
2873;0.725
2874;0.61
2875;0.5375
2876;0.5
2877;0.4666666667
2878;0.4
2879;0.4333333333
2880;0.4666666667
2881;0.5375
2882;0.49
2883;0.45
2884;0.46
2885;0.4614285714
2886;0.4935483871
2887;0.46
2888;0.46
2889;0.4611111111
2890;0.4605263158
2891;0.4280701754
2892;0.4619047619
2893;0.4614583333
2894;0.61
2895;0.49375
2896;0.4933333333
2897;0.4954545455
2898;0.4590909091
2899;0.5352941176
2900;0.646875
2901;0.6869565217
2902;0.6857142857
2903;0.6875
2904;0.6868421053
2905;1.2577777778
2906;1.2579545455
2907;1.3120967742
2908;1.3666666667
2909;1.3657894737
2910;1.3655172414
2911;1.2579545455
2912;1.0963414634
2913;1.0414634146
2914;1.0958333333
2915;1.6875
2916;2.0236111111
2917;2.0895348837
2918;2.26625
2919;2.3534883721
2920;2.3546875
2921;2.4421052632
2922;2.4423423423
2923;2.529787234
2924;1.4866666667
2925;1.15
2926;1.0375
2927;0.9333333333
2928;0.8
2929;0.7333333333
2930;0.6857142857
2931;0.6166666667
2932;0.6125
2933;0.5708333333
2934;0.6166666667
2935;0.57
2936;0.5333333333
2937;0.5
2938;0.5
2939;0.5333333333
2940;0.5
2941;0.49
2942;0.4625
2943;0.42
2944;0.395
2945;0.4
2946;0.4625
2947;0.425
2948;0.4
2949;0.4
2950;0.3666666667
2951;0.4
2952;0.35
2953;0.5666666667
2954;0.4666666667
2955;0.4636363636
2956;0.4333333333
2957;0.57
2958;0.4666666667
2959;0.4636363636
2960;0.4
2961;0.3642857143
2962;0.3928571429
2963;0.3294117647
2964;0.3617647059
2965;0.2975
2966;0.2971153846
2967;0.33125
2968;0.2631578947
2969;0.2961538462
2970;0.3620689655
2971;0.53125
2972;0.3625
2973;0.3916666667
2974;0.3666666667
2975;0.6479166667
2976;0.4611111111
2977;0.57125
2978;1.8857142857
2979;0.6884615385
2980;0.53
2981;0.5375
2982;0.49
2983;0.4642857143
2984;0.425
2985;0.425
2986;0.3928571429
2987;0.36
2988;0.33
2989;0.36
2990;0.3333333333
2991;0.35
2992;0.3625
2993;0.2666666667
2994;0.2666666667
2995;0.2625
2996;0.325
2997;0.2967532468
2998;0.225
2999;0.225
3000;0.264
3001;0.2666666667
3002;0.2
3003;0.1666666667
3004;0.2307692308
3005;0.2
3006;0.2
3007;0.2625
3008;0.2666666667
3009;0.225
3010;0.2
3011;0.2333333333
3012;0.225
3013;0.225
3014;0.225
3015;0.3
3016;0.1666666667
3017;0.1666666667
3018;0.1666666667
3019;0.43
3020;0.1666666667
3021;0.2
3022;0.2
3023;0.1666666667
3024;0.1636363636
3025;0.1653846154
3026;0.1625
3027;0.1625
3028;0.1375
3029;0.16
3030;0.1375
3031;0.2
3032;0.2
3033;0.1625
3034;0.2
3035;0.1666666667
3036;0.2
3037;0.2
3038;0.1653846154
3039;0.1416666667
3040;0.8409375
3041;0.6868644068
3042;0.5328571429
3043;0.296875
3044;0.2965909091
3045;0.2638888889
3046;0.264084507
3047;0.2301886792
3048;0.1649253731
3049;0.1653846154
3050;0.1666666667
3051;0.1642857143
3052;0.1642857143
3053;0.165625
3054;0.1972222222
3055;0.2
3056;0.296875
3057;0.2975
3058;0.2642857143
3059;0.2975
3060;0.2642857143
3061;0.2642857143
3062;0.2666666667
3063;0.23125
3064;0.2297297297
3065;0.23
3066;0.196875
3067;0.2
3068;0.2
3069;0.3
3070;0.1375
3071;0.1428571429
3072;0.1666666667
3073;0.24
3074;0.2
3075;0.1642857143
3076;0.2
3077;0.1642857143
3078;0.2
3079;0.2653846154
3080;0.16
3081;0.23
3082;0.23
3083;0.26
3084;0.2625
3085;0.2333333333
3086;0.2642857143
3087;0.3
3088;0.39375
3089;0.3625
3090;0.9
3091;1.0928571429
3092;1.0431818182
3093;2.2346774194
3094;2.9020912548
3095;2.5698757764
3096;2.2349358974
3097;2.235106383
3098;2.2350877193
3099;2.5700170358
3100;4.6300275482
3101;17.7479978355
3102;15.8799916107
3103;15.1760043042
3104;15.1760168303
3105;8.1399707174
3106;7.1
3107;6.6060229446
3108;6.1120260022
3109;5.123964497
3110;3.5229783037
3111;2.57
3112;2.1011764706
3113;1.5882758621
3114;0.7712121212
3115;0.6850746269
3116;0.5990740741
3117;0.3833333333
3118;0.3
3119;0.385
3120;0.34375
3121;1.796036036
3122;5.6179898649
3123;1.7959863946
3124;1.536040146
3125;1.64
3126;1.3799618321
3127;1.1879844961
3128;1.0439285714
3129;0.9957894737
3130;0.9
3131;0.8140410959
3132;0.7711678832
3133;0.728125
3134;0.47
3135;0.3833333333
3136;0.3833333333
3137;0.3846153846
3138;0.3857142857
3139;0.3875
3140;1.0922222222
3141;2.1676470588
3142;1.7956140351
3143;1.5884615385
3144;1.38
3145;1.1880208333
3146;1.0441025641
3147;0.9960591133
3148;0.995959596
3149;0.5126865672
3150;0.4697368421
3151;0.4270833333
3152;0.4277777778
3153;0.425
3154;0.43
3155;0.3823529412
3156;0.3857142857
3157;0.39
3158;0.3
3159;0.3
3160;0.34
3161;1.7954545455
3162;1.588172043
3163;1.3323529412
3164;1.2357142857
3165;1.1404255319
3166;0.9956521739
3167;0.9956521739
3168;0.814
3169;0.7710526316
3170;0.6840909091
3171;0.6833333333
3172;0.8125
3173;0.9
3174;0.8142857143
3175;1.8484375
3176;1.6913043478
3177;1.5881818182
3178;1.2351851852
3179;1.14
3180;1.0920863309
3181;2.3029411765
3182;2.3689393939
3183;2.3688679245
3184;2.37
3185;5.1239884393
3186;5.1238993711
3187;4.2609756098
3188;3.0677966102
3189;2.7359649123
3190;2.3691176471
3191;2.0333333333
3192;2.1685714286
3193;2.81875
3194;2.736
3195;2.6520833333
3196;2.6527027027
3197;2.6537037037
3198;2.502173913
3199;2.3692307692
3200;2.3019230769
3201;2.302173913
3202;2.1714285714
3203;2.1
3204;1.69
3205;1.6933333333
3206;1.6416666667
3207;1.6428571429
3208;1.1846153846
3209;0.9
3210;0.775
3211;0.64
3212;0.68
3213;0.64375
3214;0.5571428571
3215;0.6
3216;0.5571428571
3217;0.9964285714
3218;1.0416666667
3219;2.1
3220;2.1
3221;2.1
3222;2.2357142857
3223;2.2342857143
3224;2.2347222222
3225;2.2347222222
3226;2.81875
3227;3.3166666667
3228;3.4
3229;5.1244186047
3230;5.1244444444
3231;5.1243055556
3232;5.1243589744
3233;5.8657142857
3234;6.1123076923
3235;6.1117647059
3236;6.1133333333
3237;6.1114285714
3238;6.1111111111
3239;6.1131578947
3240;6.1125
3241;5.8642857143
3242;4.3846153846
3243;4.26
3244;4.1365079365
3245;4.0142857143
3246;4.0137931034
3247;3.89375
3248;3.7682539683
3249;3.76875
3250;3.7708333333
3251;3.4
3252;3.4
3253;3.317
3254;2.985
3255;2.9
3256;2.7333333333
3257;2.7363636364
3258;2.7375
3259;2.7363636364
3260;2.7363636364
3261;2.3666666667
3262;2.3692307692
3263;2.4333333333
3264;2.505
3265;2.57
3266;54.9600409836
3267;50.6
3268;50.44
3269;50.4
3270;50.4
3271;50.5199404762
3272;50.6
3273;50.5600478469
3274;50.5600478469
3275;50.44
3276;42.5
3277;44.65
3278;36.5
3279;37.8799065421
3280;39.26
3281;33.6800884956
3282;34.4697368421
3283;38.4201005025
3284;29.3
3285;29.3
3286;31.9800813008
3287;33.9898496241
3288;35.33
3289;30.4400943396
3290;30.4400943396
3291;25.4796610169
3292;22.86
3293;22.86
3294;23.24
3295;20.2
3296;18.0113636364
3297;17.9367346939
3298;16.1696969697
3299;16.0385714286
3300;14.29375
3301;13.7807692308
3302;12.1375
3303;11.9985507246
3304;11.4357142857
3305;10.1888888889
3306;9.830952381
3307;23.24
3308;9.11875
3309;20.2
3310;8.5821428571
3311;8.225
3312;18.0113636364
3313;17.9367346939
3314;16.1696969697
3315;16.0385714286
3316;14.29375
3317;15.7769230769
3318;12.1375
3319;11.9985507246
3320;11.4357142857
3321;10.1888888889
3322;9.830952381
3323;6.7137931034
3324;9.11875
3325;6.4058823529
3326;8.5821428571
3327;8.225
3328;5.7916666667
3329;5.6666666667
3330;7.8666666667
3331;7.6875
3332;7.025
3333;5.1636363636
3334;6.5607142857
3335;5.1636363636
3336;5.1636363636
3337;4.7916666667
3338;4.4285714286
3339;3.7714285714
3340;4
3341;3.1714285714
3342;3.7714285714
3343;3.4444444444
3344;2.8
3345;3.1714285714
3346;3.08
3347;2.72
3348;2.8
3349;3.1666666667
3350;2.72
3351;2.5285714286
3352;2.619047619
3353;2.72
3354;2.6142857143
3355;2.6142857143
3356;2.6142857143
3357;2.3761904762
3358;2.3
3359;2.0714285714
3360;2.06875
3361;1.9181818182
3362;1.7571428571
3363;1.6916666667
3364;1.5625
3365;1.4285714286
3366;1.425
3367;1.7603448276
3368;3.88
3369;2.9845070423
3370;1.6261904762
3371;1.6261904762
3372;1.7608695652
3373;2.0673913043
3374;6.4059405941
3375;7.6883928571
3376;7.6885057471
3377;7.1756410256
3378;5.9448275862
3379;8.5826923077
3380;7.6886363636
3381;5.1636363636
3382;5.1636363636
3383;4.6651785714
3384;6.405
3385;6.5604166667
3386;7.022
3387;6.71375
3388;5.7891304348
3389;5.4142857143
3390;4.6647058824
3391;4.6647058824
3392;4.4294117647
3393;4.2107142857
3394;3.8785714286
3395;3.44
3396;3.2571428571
3397;2.9833333333
3398;2.9833333333
3399;2.8916666667
3400;2.8045454545
3401;2.7125
3402;2.53
3403;2.375
3404;2.1444444444
3405;2.07
3406;1.91
3407;1.69375
3408;1.5571428571
3409;1.43
3410;1.2227272727
3411;1.0916666667
3412;1.0307692308
3413;1.36
3414;1.1583333333
3415;0.05
3416;1.1538461538
3417;1.0833333333
3418;0.975
3419;0.9666666667
3420;0.9125
3421;0.8
3422;0.7375
3423;0.6833333333
3424;0.6846153846
3425;0.7444444444
3426;0.74
3427;0.6857142857
3428;0.6833333333
3429;0.7416666667
3430;0.6875
3431;0.7375
3432;0.6260869565
3433;0.56875
3434;0.5666666667
3435;0.5090909091
3436;0.5066666667
3437;0.48
3438;0.5142857143
3439;0.4714285714
3440;0.475
3441;0.48
3442;0.48
3443;0.48
3444;0.475
3445;0.475
3446;0.5125
3447;0.475
3448;0.48
3449;4.32
3450;3.6600371747
3451;2.4529739777
3452;1.9909259259
3453;0.740625
3454;0.3705882353
3455;0.4388888889
3456;0.41
3457;0.34
3458;0.3666666667
3459;0.4409090909
3460;0.4066666667
3461;0.3666666667
3462;0.3375
3463;0.34
3464;0.3704545455
3465;0.3714285714
3466;0.369047619
3467;0.9157894737
3468;0.509939759
3469;2.0684210526
3470;1.837037037
3471;1.4933333333
3472;0.9157894737
3473;0.509939759
3474;0.4397905759
3475;0.2666666667
3476;0.3
3477;0.3
3478;0.3
3479;0.3
3480;0.3375
3481;0.3
3482;0.3681818182
3483;0.3
3484;0.3714285714
3485;0.34
3486;0.3
3487;0.3357142857
3488;0.8
3489;0.8
3490;0.5104651163
3491;0.3722222222
3492;0.2625
3493;0.3
3494;0.3
3495;0.3
3496;2.7119852941
3497;2.5299709724
3498;0.8579970105
3499;0.742
3500;0.3
3501;0.2304347826
3502;0.1961538462
3503;0.2285714286
3504;0.195
3505;0.2294117647
3506;0.265
3507;0.2285714286
3508;0.1611111111
3509;0.1954545455
3510;0.2647058824
3511;0.2277777778
3512;0.2666666667
3513;0.2666666667
3514;0.3703703704
3515;0.2642857143
3516;0.1954545455
3517;0.23125
3518;0.2333333333
3519;0.2333333333
3520;0.2642857143
3521;0.3
3522;0.3
3523;0.05
3524;4.25
3525;3
3526;1.5020833333
3527;1.3032258065
3528;0.7043478261
3529;0.904
3530;0.9041237113
3531;0.7076923077
3532;0.904
3533;0.9041237113
3534;1.701875
3535;0.5048913043
3536;0.375862069
3537;0.375
3538;1.1799879445
3539;1.1800100452
3540;0.7931034483
3541;0.7929577465
3542;0.6740740741
3543;0.3642857143
3544;0.3625
3545;0.2894736842
3546;0.3285714286
3547;0.325
3548;0.325
3549;0.29
3550;0.3333333333
3551;0.3
3552;0.3625
3553;0.3285714286
3554;0.36
3555;0.325
3556;0.3653846154
3557;0.3653846154
3558;1.632
3559;1.4785714286
3560;1.63
3561;1.3285714286
3562;0.79375
3563;0.9113207547
3564;1.3285714286
3565;1.0291666667
3566;0.6761904762
3567;1.63
3568;0.79375
3569;0.9112903226
3570;0.7933333333
3571;0.7933333333
3572;0.97
3573;3.7743589744
3574;10.6980769231
3575;10.6980769231
3576;6.8640145985
3577;4.4699134199
3578;2.3859813084
3579;1.03
3580;1.6298913043
3581;1.6298913043
3582;0.8518181818
3583;0.9705882353
3584;0.7932926829
3585;0.7921052632
3586;0.7931372549
3587;0.7931372549
3588;0.7342857143
3589;0.79
3590;0.5
3591;0.4944444444
3592;0.44
3593;0.44
3594;0.4375
3595;0.44
3596;0.4416666667
3597;0.5
3598;0.5
3599;0.55
3600;0.55
3601;0.4384615385
3602;0.5
3603;0.5
3604;0.9
3605;0.675
3606;0.675
3607;0.5583333333
3608;0.5571428571
3609;0.5555555556
3610;0.4
3611;0.5
3612;0.5
3613;0.4363636364
3614;0.3333333333
3615;0.25
3616;0.3636363636
3617;0.4
3618;0.4
3619;0.4416666667
3620;0.55
3621;0.4357142857
3622;0.4944444444
3623;0.44
3624;1.33
3625;1.0298245614
3626;1.405
3627;1.33
3628;1.7798319328
3629;4.9200892857
3630;4.7700819672
3631;6.3599537037
3632;5.370083682
3633;6.8639593909
3634;3.7743055556
3635;3.7743243243
3636;4.3199460916
3637;4.7700819672
3638;4.9201365188
3639;4.92
3640;4.9198757764
3641;4.9196261682
3642;4.92
3643;4.1695652174
3644;4.1704545455
3645;3.7731707317
3646;3.2826086957
3647;3.2828571429
3648;2.7903225806
3649;2.7907407407
3650;2.79004329
3651;2.6889830508
3652;2.6888888889
3653;2.6903225806
3654;2.4875
3655;2.3864864865
3656;2.3851851852
3657;2.0833333333
3658;1.98125
3659;6.8638554217
3660;1.7038461538
3661;1.6318181818
3662;2.7891891892
3663;4.4699842022
3664;5.52
3665;5.5201754386
3666;6.1917582418
3667;8.1448979592
3668;8.3340044743
3669;7.5779661017
3670;7.2
3671;7.2
3672;7.3890625
3673;7.3890625
3674;6.8638554217
3675;4.3198795181
3676;4.3201388889
3677;4.6201005025
3678;5.2195652174
3679;5.519921875
3680;6.192173913
3681;5.5208333333
3682;4.9214285714
3683;4.3206896552
3684;4.3185185185
3685;4.9214285714
3686;4.3214285714
3687;4.3185185185
3688;4.3205128205
3689;4.019047619
3690;3.775
3691;3.7727272727
3692;3.2826086957
3693;3.28
3694;2.9105263158
3695;3.2826086957
3696;2.2851851852
3697;1.7071428571
3698;5.5198924731
3699;5.5195652174
3700;4.9192982456
3701;4.9200622084
3702;6.8640186916
3703;8.8739970282
3704;8.8739970282
3705;11.8299835255
3706;12.5150197628
3707;16.4459415584
3708;19.4140508221
3709;20.9200348432
3710;21.15
3711;21.6100790514
3712;24.2
3713;24.3
3714;24.3
3715;24.3
3716;24.4
3717;24.8
3718;24.8
3719;24.9
3720;25
3721;25
3722;24.7
3723;24.7
3724;24.7
3725;10.6484848485
3726;24.5
3727;18.6431818182
3728;17.3237704918
3729;16.7978021978
3730;16.4460166468
3731;16.2708333333
3732;15.1311111111
3733;14.7952380952
3734;14.7952380952
3735;14.1208333333
3736;13.9530201342
3737;13.2
3738;12.6857142857
3739;12.173089701
3740;12.1731707317
3741;11.83
3742;11.0147058824
3743;10.6484848485
3744;10.2803921569
3745;9.36
3746;9.1979591837
3747;8.7128205128
3748;8.7131578947
3749;8.7125
3750;8.55
3751;7.5794117647
3752;7.4166666667
3753;7.4166666667
3754;7.253125
3755;7.0923076923
3756;6.1195652174
3757;5.8695652174
3758;5.7451219512
3759;11.83
3760;4.01
3761;4.2549382716
3762;5.1202702703
3763;8.7115384615
3764;11.83
3765;11.2
3766;11.2
3767;8.8734375
3768;8.0642857143
3769;6.12
3770;5.8694444444
3771;5.6198924731
3772;5.6200787402
3773;6.1181818182
3774;6.1166666667
3775;6.1192307692
3776;5.4961538462
3777;5.4952380952
3778;5.495
3779;5.11875
3780;5.1181818182
3781;16.7975
3782;5.1201438849
3783;6.7680672269
3784;16.797972973
3785;22.3
3786;27.8
3787;35.7900414938
3788;33.9
3789;38.6
3790;40.7900943396
3791;37.76
3792;19.0289473684
3793;19.4142857143
3794;19.221875
3795;16.7975
3796;12.6862745098
3797;11.2
3798;8.2277777778
3799;10.0961111111
3800;9.9115384615
3801;9.3590909091
3802;8.2277777778
3803;7.7394736842
3804;6.9285714286
3805;6.7714285714
3806;5.86875
3807;5.7448275862
3808;5.4961538462
3809;4.8708333333
3810;4.62
3811;4.13
3812;3.6333333333
3813;3.0952380952
3814;2.6583333333
3815;2.4555555556
3816;2.1766666667
3817;1.9
3818;1.8066666667
3819;1.7125
3820;1.6214285714
3821;1.6166666667
3822;1.55
3823;1.55
3824;1.4
3825;1.3333333333
3826;1.1833333333
3827;1.1863636364
3828;1.0444444444
3829;1.0444444444
3830;1.0423076923
3831;1.0428571429
3832;0.9666666667
3833;1.0413043478
3834;0.8961538462
3835;0.8966666667
3836;0.8944444444
3837;0.8074074074
3838;0.8069444444
3839;0.85
3840;0.8090909091
3841;0.85
3842;0.8075
3843;0.80625
3844;0.8111111111
3845;0.805
3846;0.7166666667
3847;0.7166666667
3848;0.8071428571
3849;0.808
3850;0.7617647059
3851;0.7166666667
3852;0.76
3853;0.7166666667
3854;0.675
3855;0.7181034483
3856;0.675
3857;0.6739130435
3858;0.675
3859;0.58
3860;0.5866666667
3861;0.5833333333
3862;0.45
3863;0.85
3864;0.54
3865;0.5375
3866;0.49375
3867;0.5357142857
3868;0.4529411765
3869;0.45
3870;0.5
3871;0.5
3872;0.5375
3873;0.45
3874;0.4916666667
3875;0.4571428571
3876;0.58
3877;0.5833333333
3878;0.5833333333
3879;0.5
3880;0.54
3881;0.54
3882;0.5333333333
3883;0.5833333333
3884;0.5833333333
3885;1.3294117647
3886;1.0428571429
3887;1.04
3888;1.04
3889;0.8068627451
3890;0.8069536424
3891;0.7179487179
3892;0.7184210526
3893;0.6725
3894;0.6276595745
3895;0.5838709677
3896;0.5833333333
3897;0.5394736842
3898;0.5375
3899;0.5409090909
3900;0.5416666667
3901;0.5395833333
3902;0.45
3903;0.5389993373
3904;0.5
3905;0.45
3906;0.45
3907;0.45
3908;0.425
3909;0.425
3910;0.4444444444
3911;0.3875
3912;0.37
3913;0.37
3914;0.43
3915;0.4285714286
3916;0.43
3917;0.425
3918;0.4066666667
3919;0.4083333333
3920;0.43
3921;0.41
3922;0.41
3923;0.4266666667
3924;0.45
3925;0.45
3926;0.4545454545
3927;0.425
3928;0.4055555556
3929;0.4071428571
3930;0.43
3931;0.4083333333
3932;0.4083333333
3933;0.45
3934;0.4518518519
3935;0.4090909091
3936;0.4083333333
3937;2.8771428571
3938;1.8989130435
3939;1.0404761905
3940;0.6722222222
3941;0.6283333333
3942;0.45
3943;0.45
3944;0.4949860724
3945;5.1200276243
3946;1.6199630314
3947;1.6199630314
3948;1.2579918033
3949;1.1130239521
3950;1.0409703504
3951;0.8960199005
3952;0.8509638554
3953;0.8069047619
3954;0.8070512821
3955;0.6729166667
3956;0.6284090909
3957;0.6279069767
3958;0.5839857651
3959;0.5839853301
3960;0.5839712919
3961;0.5836956522
3962;1.1131578947
3963;1.1130434783
3964;1.1130841121
3965;1.1115384615
3966;13.2
3967;1.548245614
3968;0.7181318681
3969;0.6728915663
3970;1.6197368421
3971;6.93
3972;2.55
3973;1.8990588235
3974;1.402970297
3975;1.1860416667
3976;1.1864583333
3977;1.0413333333
3978;0.8068181818
3979;0.8071428571
3980;0.6280104712
3981;0.628030303
3982;0.5837837838
3983;0.5389992903
3984;0.4500152858
3985;0.8069620253
3986;0.7180369128
3987;1.4750505051
3988;1.0407894737
3989;1.0409991261
3990;1.6199969021
3991;4.8699669967
3992;4.6240019634
3993;4.1319975339
3994;3.6400049727
3995;2.7680023229
3996;2.085
3997;1.6199934662
3998;1.5480154889
3999;1.3299836868
4000;1.2579883571
4001;1.0410058027
4002;0.8508860759
4003;0.8069651741
4004;0.8069620253
4005;0.7618768328
4006;0.6291666667
4007;0.5387096774
4008;0.3833333333
4009;0.4461538462
4010;0.4444444444
4011;0.4526315789
4012;0.425
4013;0.45
4014;0.45
4015;0.4444444444
4016;0.45
4017;0.4916666667
4018;0.45
4019;0.4928571429
4020;0.5833333333
4021;0.5
4022;0.6277777778
4023;0.5818181818
4024;0.58
4025;0.5833333333
4026;10.096043956
4027;0.58125
4028;1.0409736308
4029;11.8299603175
4030;10.096043956
4031;7.4160123967
4032;5.4950184502
4033;4.132012513
4034;3.2040089087
4035;9.3600241546
4036;11.8299794661
4037;10.8319706499
4038;10.0959782609
4039;9.36
4040;7.7400423729
4041;0.7477848101
4042;5.3699680511
4043;3.8859281437
4044;3.5310126582
4045;2.7679802956
4046;2.3639769452
4047;1.8990196078
4048;1.8990384615
4049;1.6201086957
4050;1.4029774127
4051;1.3301098901
4052;1.3300675676
4053;1.1119047619
4054;1.0409482759
4055;1.0416666667
4056;1.0416666667
4057;0.9681818182
4058;0.9678571429
4059;0.80625
4060;0.8075
4061;0.8960526316
4062;1.2575
4063;1.1864864865
4064;1.1125
4065;1.0414285714
4066;1.9919354839
4067;1.9916666667
4068;3.095
4069;2.7677419355
4070;2.7683098592
4071;1.9921428571
4072;1.8060606061
4073;1.6198529412
4074;1.3301470588
4075;1.3301724138
4076;1.1132352941
4077;1.0409836066
4078;1.0413043478
4079;1.0410447761
4080;0.8959677419
4081;0.8958333333
4082;0.8507692308
4083;0.8957627119
4084;0.8071428571
4085;0.8071428571
4086;0.8071428571
4087;0.7619047619
4088;0.7180327869
4089;0.7181818182
4090;0.6725
4091;0.6666666667
4092;0.6333333333
4093;0.725
4094;0.6666666667
4095;0.625
4096;0.6333333333
4097;0.625
4098;0.6333333333
4099;0.6666666667
4100;0.6
4101;0.575
4102;0.575
4103;0.575
4104;0.6
4105;0.6333333333
4106;0.6333333333
4107;7.0889434889
4108;6.1580310881
4109;5.0959183673
4110;4.5679577465
4111;3.6738636364
4112;3.0640740741
4113;2.1838461538
4114;3.5520681265
4115;3.5519138756
4116;9.8959493671
4117;2.0777777778
4118;8.2880519481
4119;1.2420731707
4120;0.8968531469
4121;0.8457943925
4122;0.7434782609
4123;0.6909090909
4124;0.5880952381
4125;0.6428571429
4126;0.6375
4127;0.6
4128;0.6333333333
4129;0
4130;0.6396551724
4131;0.64
4132;0.6416666667
4133;0.7375
4134;0.7933333333
4135;0.7428571429
4136;0.74
4137;0.6333333333
4138;0.6375
4139;0.6333333333
4140;0.6375
4141;0.6363636364
4142;0.5833333333
4143;0.6375
4144;0.7428571429
4145;0.6833333333
4146;0.6875
4147;0.6333333333
4148;0.6375
4149;0.6333333333
4150;0.5833333333
4151;0.6
4152;0.5833333333
4153;0.6
4154;0.5375
4155;0.5833333333
4156;0.5833333333
4157;0.6333333333
4158;0.525
4159;0.6
4160;0.6
4161;0.48
4162;0.4818181818
4163;0.6
4164;0.6
4165;0.44
4166;0.35
4167;0.32
4168;0.36
4169;0.3285714286
4170;0.35
4171;0.28
4172;0.24
4173;0.3
4174;0.3304347826
4175;0.3
4176;0.3
4177;0.2785714286
4178;0.3315789474
4179;0.3333333333
4180;0.325
4181;0.3035714286
4182;0.3
4183;0.28
4184;0.3318181818
4185;0.33
4186;0.3318181818
4187;0.475
4188;0.3875
4189;0.3875
4190;0.35
4191;0.35
4192;0.3833333333
4193;0.35
4194;0.36
4195;0.33
4196;0.3
4197;0.3
4198;0.3
4199;0.325
4200;0.3333333333
4201;0.325
4202;0.3
4203;0.3333333333
4204;0.275
4205;0.3846153846
4206;0.3826086957
4207;0.3821428571
4208;0.3
4209;0.2772727273
4210;0.2777777778
4211;0.3
4212;0.3
4213;0.3
4214;0.33
4215;0.35
4216;0.36
4217;0.3333333333
4218;0.3277777778
4219;0.33
4220;0.3571428571
4221;0.3277777778
4222;0.302173913
4223;0.3035714286
4224;0.3041666667
4225;0.3
4226;0.275
4227;0.28
4228;0.3
4229;0.35
4230;0.25
4231;0.2833333333
4232;0.25
4233;0.275
4234;0.275
4235;0.275
4236;0.325
4237;0.3
4238;0.3
4239;0.3
4240;0.3
4241;0.275
4242;0.3029411765
4243;0.2785714286
4244;0.28
4245;0.275
4246;0.3
4247;0.3
4248;0.275
4249;0.3333333333
4250;0.3
4251;0.275
4252;0.28
4253;0.175
4254;0.175
4255;0.1714285714
4256;0.25
4257;0.225
4258;0.25
4259;0.25
4260;0.25
4261;0.17
4262;0.25
4263;0.25
4264;0.2214285714
4265;0.25
4266;0.223
4267;0.223
4268;0.223
4269;0.223
4270;0.25
4271;0.25
4272;0.223
4273;0.223
4274;0.25
4275;0.223
4276;0.223
4277;0.17
4278;0.25
4279;0.25
4280;0.17
4281;0.17
4282;0.17
4283;0.197
4284;0.197
4285;0.17
4286;0.223
4287;0.17
4288;0.197
4289;0.197
4290;0.197
4291;0.17
4292;0.223
4293;0.197
4294;0.197
4295;0.223
4296;0.277
4297;0.25
4298;0.223
4299;0.223
4300;0.223
4301;0.197
4302;0.277
4303;0.197
4304;0.197
4305;0.277
4306;0.277
4307;0.277
4308;0.303
4309;0.33
4310;0.434
4311;0.434
4312;0.383
4313;0.33
4314;0.356
4315;0.303
4316;0.356
4317;0.356
4318;0.33
4319;0.303
4320;0.33
4321;0.33
4322;0.356
4323;0.383
4324;0.383
4325;0.383
4326;0.277
4327;0.277
4328;0.277
4329;0.33
4330;0.691
4331;1.587
4332;1.329
4333;1.07
4334;0.794
4335;0.589
4336;0.589
4337;0.589
4338;0.486
4339;0.486
4340;0.537
4341;0.537
4342;0.486
4343;0.486
4344;0.537
4345;0.537
4346;0.537
4347;0.589
4348;0.537
4349;0.486
4350;0.486
4351;0.434
4352;0.486
4353;0.434
4354;0.434
4355;0.486
4356;0.537
4357;0.589
4358;0.589
4359;0.589
4360;0.383
4361;0.383
4362;0.537
4363;0.434
4364;0.486
4365;0.434
4366;0.486
4367;0.64
4368;0.589
4369;0.537
4370;0.486
4371;0.486
4372;0.383
4373;0.383
4374;0.434
4375;0.383
4376;0.356
4377;0.383
4378;0.589
4379;0.383
4380;0.64
4381;0.486
4382;0.434
4383;0.383
4384;0.356
4385;0.356
4386;0.356
4387;0.383
4388;0.64
4389;0.486
4390;0.383
4391;0.383
4392;0.383
4393;0.434
4394;0.383
4395;0.303
4396;0.277
4397;0.303
4398;0.277
4399;0.277
4400;1.353
4401;1.797
4402;2.094
4403;1.797
4404;5.44
4405;8.25
4406;9.95
4407;13.8
4408;16.48
4409;16.48
4410;23.8
4411;38.6
4412;46.2
4413;47.76
4414;61.8
4415;82.08
4416;88.32
4417;101
4418;90.66
4419;83.64
4420;104.6
4421;91.44
4422;83.64
4423;71.16
4424;58.68
4425;43.16
4426;32.52
4427;26.52
4428;26.86
4429;23.8
4430;21.88
4431;20.92
4432;18.16
4433;15.85
4434;14
4435;12
4436;11.4
4437;10.12
4438;9.44
4439;8.08
4440;7.4
4441;6.84
4442;6.7
4443;4.88
4444;4.6
4445;4.386
4446;4.172
4447;4.065
4448;3.322
4449;3.218
4450;3.01
4451;2.906
4452;2.906
4453;2.698
4454;2.292
4455;2.292
4456;2.193
4457;2.292
4458;1.599
4459;1.353
4460;1.353
4461;1.206
4462;1.059
4463;1.059
4464;0.587
4465;1.5
4466;1.059
4467;0.912
4468;0.72
4469;0.587
4470;0.587
4471;0.498
4472;0.365
4473;0.365
4474;0.32
4475;0.32
4476;0.32
4477;1.059
4478;0.498
4479;0.543
4480;0.409
4481;0.409
4482;0.365
4483;0.32
4484;0.295
4485;0.295
4486;0.27
4487;0.295
4488;0.295
4489;0.32
4490;0.32
4491;0.27
4492;0.27
4493;0.295
4494;0.295
4495;0.32
4496;0.409
4497;0.365
4498;0.409
4499;0.32
4500;0.32
4501;0.27
4502;0.27
4503;0.27
4504;0.454
4505;0.295
4506;0.239
4507;33.25
4508;26
4509;19
4510;11.8
4511;8.547
4512;8.547
4513;8.547
4514;0.172
4515;0.172
4516;0.15
4517;0.195
4518;0.239
4519;0.217
4520;0.172
4521;0.195
4522;0.172
4523;30
4524;28.5
4525;9.87
4526;7.105
4527;4.69
4528;0.98
4529;0.436
4530;0.436
4531;0.411
4532;0.385
4533;0.335
4534;0.36
4535;0.239
4536;0.262
4537;0.284
4538;0.15
4539;0.15
4540;0.15
4541;0.195
4542;0.15
4543;0.15
4544;0.195
4545;0.195
4546;0.195
4547;0.195
4548;0.217
4549;0.217
4550;0.217
4551;0.217
4552;0.172
4553;0.172
4554;0.217
4555;0.217
4556;0.195
4557;0.195
4558;0.195
4559;0.217
4560;0.461
4561;0.436
4562;0.239
4563;0.217
4564;0.217
4565;0.411
4566;0.217
4567;0.195
4568;0.239
4569;0.239
4570;0.436
4571;0.239
4572;0.217
4573;0.239
4574;0.239
4575;0.239
4576;0.239
4577;0.239
4578;0.217
4579;0.217
4580;0.217
4581;0.217
4582;0.262
4583;0.239
4584;0.217
4585;0.217
4586;0.262
4587;0.239
4588;0.284
4589;0.262
4590;0.309
4591;0.309
4592;5.306
4593;3.57
4594;0.847
4595;0.335
4596;0.335
4597;0.335
4598;0.36
4599;0.385
4600;0.436
4601;0.36
4602;0.335
4603;0.335
4604;0.335
4605;0.335
4606;0.335
4607;0.239
4608;0.284
4609;0.284
4610;0.284
4611;0.309
4612;0.309
4613;0.335
4614;0.335
4615;0.335
4616;0.335
4617;0.309
4618;1.133
4619;2.935
4620;3.445
4621;6.97
4622;6.65
4623;9.025
4624;9.2
4625;9.2
4626;12.64
4627;15.06
4628;16.28
4629;15.06
4630;13.3
4631;15.5
4632;18.1
4633;15.5
4634;19.3
4635;19.6
4636;21.76
4637;20.5
4638;15.06
4639;10.72
4640;8.5
4641;6.65
4642;5.39
4643;5.735
4644;4.5
4645;4.815
4646;4.5
4647;4.1
4648;3.36
4649;1.4
4650;1.7
4651;1.85
4652;0.899
4653;0.665
4654;0.623
4655;0.581
4656;1.133
4657;0.899
4658;0.782
4659;0.665
4660;0.581
4661;0.539
4662;0.497
4663;0.539
4664;0.581
4665;0.539
4666;0.623
4667;0.581
4668;0.539
4669;0.497
4670;0.455
4671;0.455
4672;0.329
4673;0.329
4674;0.371
4675;0.329
4676;0.329
4677;0.329
4678;0.329
4679;0.225
4680;0.245
4681;0.245
4682;0.245
4683;0.245
4684;0.245
4685;0.225
4686;0.225
4687;0.225
4688;0.205
4689;0.205
4690;0.225
4691;0.225
4692;0.205
4693;0.287
4694;0.245
4695;0.413
4696;0.371
4697;0.413
4698;0.371
4699;1.25
4700;0.724
4701;0.455
4702;0.455
4703;0.455
4704;0.455
4705;0.371
4706;0.329
4707;0.329
4708;0.225
4709;0.225
4710;0.371
4711;0.571
4712;0.495
4713;0.319
4714;0.282
4715;0.244
4716;0.193
4717;0.193
4718;0.206
4719;0.319
4720;1.91
4721;0.722
4722;0.244
4723;0.219
4724;0.206
4725;0.18
4726;0.18
4727;0.18
4728;0.18
4729;0.18
4730;0.319
4731;0.332
4732;0.206
4733;0.193
4734;0.193
4735;0.142
4736;0.168
4737;0.142
4738;0.142
4739;0.142
4740;0.142
4741;0.142
4742;0.193
4743;0.142
4744;0.155
4745;0.155
4746;0.155
4747;0.142
4748;0.142
4749;0.142
4750;0.129
4751;0.129
4752;0.129
4753;0.129
4754;0.129
4755;0.155
4756;0.155
4757;0.155
4758;0.155
4759;0.155
4760;0.155
4761;0.155
4762;0.116
4763;0.116
4764;0.129
4765;0.142
4766;0.116
4767;0.142
4768;0.129
4769;0.129
4770;0.129
4771;0.129
4772;0.116
4773;0.142
4774;0.142
4775;0.129
4776;23.48
4777;11.208
4778;7.2
4779;5.472
4780;3.472
4781;2.933
4782;2.198
4783;1.567
4784;1.438
4785;1.309
4786;1.309
4787;1.266
4788;1.18
4789;0.628
4790;0.544
4791;46.8
4792;61.64
4793;46.8
4794;72.4
4795;46.8
4796;1.61
4797;1.481
4798;1.309
4799;1.223
4800;1.053
4801;0.46
4802;0.167
4803;0.126
4804;0.25
4805;103.4
4806;96.5
4807;55.58
4808;21.24
4809;0.97
4810;0.646
4811;0.226
4812;0.16
4813;0.16
4814;0.16
4815;0.16
4816;0.142
4817;0.226
4818;0.256
4819;0.226
4820;0.286
4821;0.226
4822;0.226
4823;0.226
4824;0.256
4825;0.346
4826;0.286
4827;0.226
4828;0.256
4829;0.256
4830;0.286
4831;0.286
4832;0.286
4833;0.256
4834;0.316
4835;0.316
4836;0.316
4837;0.316
4838;0.316
4839;0.346
4840;0.316
4841;0.346
4842;0.316
4843;0.405
4844;0.405
4845;0.435
4846;0.405
4847;0.405
4848;0.405
4849;0.435
4850;0.465
4851;0.495
4852;0.571
4853;1.117
4854;0.465
4855;0.465
4856;0.465
4857;0.465
4858;0.465
4859;0.465
4860;0.571
4861;0.608
4862;0.571
4863;0.533
4864;0.533
4865;0.571
4866;0.495
4867;0.495
4868;0.495
4869;0.571
4870;0.533
4871;0.533
4872;0.435
4873;0.465
4874;0.435
4875;0.465
4876;0.533
4877;0.533
4878;0.533
4879;0.533
4880;0.495
4881;0.495
4882;0.495
4883;0.533
4884;0.571
4885;0.571
4886;0.533
4887;0.608
4888;0.97
4889;4.725
4890;4.725
4891;8.25
4892;12
4893;12.6
4894;11.45
4895;10.35
4896;1.36
4897;1.499
4898;1.36
4899;4.5
4900;4.5
4901;4.5
4902;4.5
4903;4.5
4904;4.325
4905;4.325
4906;3.975
4907;2.472
4908;2.055
4909;1.311
4910;0.97
4911;0.922
4912;70.2
4913;2.75
4914;3.975
4915;3.975
4916;15.32
4917;14.8
4918;16.1
4919;25.55
4920;19.08
4921;16.1
4922;17.96
4923;18.8
4924;18.24
4925;18.24
4926;18.24
4927;17.96
4928;17.96
4929;17.96
4930;17.96
4931;17.96
4932;17.14
4933;15.58
4934;11.71
4935;12.4
4936;11.94
4937;11.25
4938;10.79
4939;10.56
4940;9.9
4941;9.3
4942;8.9
4943;8.5
4944;8.1
4945;7.926
4946;7.404
4947;5.55
4948;5.388
4949;3.534
